weekday,day,month,year,start_time,end_time,duration(in h),pseudonym,sex,machine
Mo,5,DEC,2022,12:00,13:00,1.0,F1,f,2
Mo,5,DEC,2022,13:00,14:00,1.0,F2,f,2
Di,6,DEC,2022,12:00,13:00,1.0,M1,m,1
Di,6,DEC,2022,13:00,14:30,1.5,M2,m,1
Di,6,DEC,2022,14:30,15:30,1.0,M3,m,1
Di,6,DEC,2022,14:30,15:30,1.0,M3,m,2
Di,6,DEC,2022,16:30,17:30,1.0,F3,f,1
Di,6,DEC,2022,16:30,17:30,1.0,F3,f,2
Di,6,DEC,2022,18:00,19:00,1.0,F4,f,2
Di,6,DEC,2022,22:30,23:30,1.0,F5,f,2
Mi,7,DEC,2022,11:30,12:30,1.0,M4,m,1
Mi,7,DEC,2022,13:00,14:00,1.0,M5,m,1
Mi,7,DEC,2022,13:00,14:00,1.0,M5,m,2
Mi,7,DEC,2022,17:00,18:00,1.0,M6,m,2
Mi,7,DEC,2022,19:00,20:00,1.0,F6,f,2
Mi,7,DEC,2022,20:00,21:00,1.0,M7,m,2
Do,8,DEC,2022,7:00,10:00,3.0,Putzfrau,f,1
Do,8,DEC,2022,7:00,10:00,3.0,Putzfrau,f,2
Do,8,DEC,2022,12:00,13:00,1.0,F7,f,1
Do,8,DEC,2022,18:00,19:00,1.0,F8,f,1
Fr,9,DEC,2022,10:00,11:00,1.0,M8,m,1
Fr,9,DEC,2022,12:00,13:00,1.0,F9,f,1
Fr,9,DEC,2022,12:00,13:00,1.0,F9,f,2
Fr,9,DEC,2022,13:30,14:30,1.0,M9,m,1
Fr,9,DEC,2022,13:30,14:30,1.0,F10,f,2
Fr,9,DEC,2022,16:00,17:30,1.5,F11,f,1
Fr,9,DEC,2022,16:00,17:30,1.5,F11,f,2
Fr,9,DEC,2022,17:30,18:30,1.0,F12,f,1
Fr,9,DEC,2022,17:30,18:30,1.0,M10,m,2
Sa,10,DEC,2022,9:00,10:00,1.0,F13,f,2
Sa,10,DEC,2022,11:15,12:45,1.5,F14,f,1
Sa,10,DEC,2022,11:15,12:45,1.5,F14,f,2
Sa,10,DEC,2022,16:00,18:00,2.0,F15,f,1
Sa,10,DEC,2022,16:00,18:00,2.0,F15,f,2
Sa,10,DEC,2022,18:00,19:00,1.0,F16,f,2
So,11,DEC,2022,10:00,12:00,2.0,F15,f,1
So,11,DEC,2022,10:00,12:00,2.0,F15,f,2
So,11,DEC,2022,12:00,13:00,1.0,F5,f,1
So,11,DEC,2022,12:00,13:00,1.0,F5,f,2
So,11,DEC,2022,14:00,15:00,1.0,F17,f,1
So,11,DEC,2022,14:00,15:00,1.0,F17,f,2
So,11,DEC,2022,17:00,18:00,1.0,F18,f,1
So,11,DEC,2022,17:00,18:00,1.0,F18,f,2
So,11,DEC,2022,18:00,19:00,1.0,M11,m,1
So,11,DEC,2022,18:00,19:00,1.0,M11,m,2
So,11,DEC,2022,19:00,20:00,1.0,F19,f,2
So,11,DEC,2022,20:00,21:00,1.0,F2,f,2
Mo,12,DEC,2022,10:30,11:30,1.0,F20,f,1
Mo,12,DEC,2022,12:00,13:00,1.0,F21,f,2
Mo,12,DEC,2022,17:00,18:00,1.0,F22,f,2
Mo,12,DEC,2022,18:00,19:00,1.0,F23,f,1
Mo,12,DEC,2022,18:00,19:00,1.0,F23,f,2
Mo,12,DEC,2022,19:00,20:00,1.0,M12,m,2
Mo,12,DEC,2022,20:00,21:00,1.0,M13,m,1
Mo,12,DEC,2022,20:00,21:00,1.0,M13,m,2
Mo,12,DEC,2022,22:00,23:00,1.0,F5,f,2
Di,13,DEC,2022,11:30,12:30,1.0,F21,f,1
Di,13,DEC,2022,12:00,13:00,1.0,F24,f,2
Di,13,DEC,2022,13:15,14:15,1.0,F10,f,2
Di,13,DEC,2022,16:00,17:00,1.0,M1,m,1
Di,13,DEC,2022,19:15,20:15,1.0,F25,f,1
Mi,14,DEC,2022,15:30,16:30,1.0,F5,f,2
Mi,14,DEC,2022,16:30,17:30,1.0,M14,m,1
Mi,14,DEC,2022,16:30,17:30,1.0,M14,m,2
Mi,14,DEC,2022,17:30,18:30,1.0,M3,m,1
Mi,14,DEC,2022,17:30,18:30,1.0,M3,m,2
Mi,14,DEC,2022,18:30,19:30,1.0,M15,m,1
Mi,14,DEC,2022,18:30,19:30,1.0,M15,m,2
Mi,14,DEC,2022,20:00,21:00,1.0,M16,m,1
Mi,14,DEC,2022,20:00,21:00,1.0,M16,m,2
Do,15,DEC,2022,7:00,10:00,3.0,Putzfrau,f,1
Do,15,DEC,2022,7:00,10:00,3.0,Putzfrau,f,2
Do,15,DEC,2022,12:00,13:00,1.0,F22,f,2
Do,15,DEC,2022,19:00,20:00,1.0,F12,f,1
Do,15,DEC,2022,19:00,20:00,1.0,M17,m,2
Fr,16,DEC,2022,10:30,11:30,1.0,M13,m,1
Fr,16,DEC,2022,10:30,11:30,1.0,M13,m,2
Fr,16,DEC,2022,15:15,16:15,1.0,M14,m,1
Fr,16,DEC,2022,15:20,16:20,1.0,M18,m,2
Fr,16,DEC,2022,21:00,22:00,1.0,F4,f,1
Fr,16,DEC,2022,21:00,22:00,1.0,F4,f,2
Fr,16,DEC,2022,22:30,23:30,1.0,M19,m,2
Sa,17,DEC,2022,9:00,10:00,1.0,F17,f,1
Sa,17,DEC,2022,9:30,10:30,1.0,U1,u,2
Sa,17,DEC,2022,11:00,12:00,1.0,F8,f,1
Sa,17,DEC,2022,11:00,12:00,1.0,F8,f,2
Sa,17,DEC,2022,12:00,13:00,1.0,M20,m,1
Sa,17,DEC,2022,12:00,13:00,1.0,M20,m,2
Sa,17,DEC,2022,16:00,17:45,1.75,M21,m,1
Sa,17,DEC,2022,16:45,17:45,1.0,M21,m,2
Sa,17,DEC,2022,21:30,22:30,1.0,F26,f,2
So,18,DEC,2022,10:00,11:00,1.0,M2,m,1
So,18,DEC,2022,13:30,15:30,2.0,M6,m,1
So,18,DEC,2022,13:30,15:30,2.0,M6,m,2
So,18,DEC,2022,16:00,18:00,2.0,M22,m,1
So,18,DEC,2022,16:00,18:00,2.0,M22,m,2
So,18,DEC,2022,21:00,22:00,1.0,M20,m,1
So,18,DEC,2022,22:00,23:00,1.0,M20,m,2
Mo,19,DEC,2022,9:00,10:00,1.0,F12,f,1
Mo,19,DEC,2022,10:00,11:30,1.5,M9,m,1
Mo,19,DEC,2022,10:00,11:30,1.5,M9,m,2
Mo,19,DEC,2022,12:15,13:15,1.0,F27,f,1
Mo,19,DEC,2022,12:15,13:15,1.0,F27,f,2
Mo,19,DEC,2022,14:00,15:00,1.0,M23,m,1
Mo,19,DEC,2022,14:00,15:00,1.0,M23,m,2
Mo,19,DEC,2022,15:00,16:00,1.0,F23,f,1
Mo,19,DEC,2022,15:00,16:00,1.0,F23,f,2
Mo,19,DEC,2022,19:45,20:45,1.0,M7,m,2
Di,20,DEC,2022,10:30,11:30,1.0,F9,f,1
Di,20,DEC,2022,10:30,11:30,1.0,F9,f,2
Di,20,DEC,2022,12:00,13:00,1.0,M8,m,1
Di,20,DEC,2022,15:00,16:00,1.0,F10,f,2
Di,20,DEC,2022,17:30,18:30,1.0,M7,m,2
Di,20,DEC,2022,18:00,19:00,1.0,F28,f,1
Mi,21,DEC,2022,8:30,9:30,1.0,F13,f,2
Mi,21,DEC,2022,9:45,11:15,1.5,F14,f,1
Mi,21,DEC,2022,9:45,11:15,1.5,F14,f,2
Mi,21,DEC,2022,11:30,12:30,1.0,M24,m,1
Mi,21,DEC,2022,11:30,12:30,1.0,M24,m,2
Mi,21,DEC,2022,14:00,15:00,1.0,M2,m,1
Mi,21,DEC,2022,15:00,16:00,1.0,F2,f,2
Mi,21,DEC,2022,18:00,19:00,1.0,F29,f,1
Mi,21,DEC,2022,18:00,19:00,1.0,F29,f,2
Mi,21,DEC,2022,19:15,20:15,1.0,F4,f,1
Mi,21,DEC,2022,19:15,20:15,1.0,F4,f,2
Mi,21,DEC,2022,20:30,21:30,1.0,F10,f,2
Do,22,DEC,2022,7:00,10:00,3.0,Putzfrau,f,1
Do,22,DEC,2022,7:00,10:00,3.0,Putzfrau,f,2
Do,22,DEC,2022,12:00,13:00,1.0,M3,m,1
Do,22,DEC,2022,12:00,13:00,1.0,M3,m,2
Do,22,DEC,2022,13:00,14:00,1.0,M3,m,1
Do,22,DEC,2022,14:30,15:30,1.0,M7,m,2
Do,22,DEC,2022,17:00,18:00,1.0,F30,f,1
Do,22,DEC,2022,17:00,18:00,1.0,F30,f,2
Do,22,DEC,2022,19:00,20:00,1.0,F31,f,1
Do,22,DEC,2022,19:00,20:00,1.0,F31,f,2
Di,27,DEC,2022,21:30,23:00,1.5,F11,f,1
Di,27,DEC,2022,21:30,23:00,1.5,F11,f,2
Mi,28,DEC,2022,11:30,13:30,2.0,F18,f,2
Mi,28,DEC,2022,15:00,17:00,2.0,M9,m,1
Mi,28,DEC,2022,15:00,17:00,2.0,M9,m,2
Mi,28,DEC,2022,17:00,18:00,1.0,F3,f,1
Mi,28,DEC,2022,17:00,18:00,1.0,F3,f,2
Do,29,DEC,2022,7:00,10:00,3.0,Putzfrau,f,1
Do,29,DEC,2022,7:00,10:00,3.0,Putzfrau,f,2
Do,29,DEC,2022,17:15,18:45,1.5,M25,m,1
Fr,30,DEC,2022,10:00,11:45,1.75,M9,m,1
Fr,30,DEC,2022,10:00,11:45,1.75,M9,m,2
Sa,31,DEC,2022,8:45,9:45,1.0,F10,f,2
So,1,JAN,2023,15:00,16:00,1.0,F9,f,1
So,1,JAN,2023,15:00,16:00,1.0,F9,f,2
Mo,2,JAN,2023,10:30,11:30,1.0,F16,f,1
Mo,2,JAN,2023,15:00,16:00,1.0,F13,f,1
Mo,2,JAN,2023,15:00,16:00,1.0,F13,f,2
Mo,2,JAN,2023,19:00,20:00,1.0,F15,f,1
Di,3,JAN,2023,9:15,10:15,1.0,F19,f,2
Di,3,JAN,2023,11:30,12:30,1.0,F31,f,1
Di,3,JAN,2023,13:30,14:30,1.0,F31,f,1
Di,3,JAN,2023,13:30,14:30,1.0,F31,f,2
Di,3,JAN,2023,17:45,18:45,1.0,F20,f,1
Mi,4,JAN,2023,9:30,10:30,1.0,F10,f,2
Mi,4,JAN,2023,14:00,15:00,1.0,M7,m,2
Do,5,JAN,2023,7:00,10:00,3.0,Putzfrau,f,1
Do,5,JAN,2023,7:00,10:00,3.0,Putzfrau,f,2
Do,5,JAN,2023,13:00,14:00,1.0,M26,m,1
Do,5,JAN,2023,13:00,14:00,1.0,M26,m,2
Do,5,JAN,2023,14:00,15:00,1.0,M7,m,2
Do,5,JAN,2023,20:30,21:30,1.0,M13,m,1
Do,5,JAN,2023,20:30,21:30,1.0,M13,m,2
Fr,6,JAN,2023,13:20,14:20,1.0,F16,f,1
Fr,6,JAN,2023,14:00,15:00,1.0,M7,m,2
Fr,6,JAN,2023,18:00,19:00,1.0,M1,m,1
Sa,7,JAN,2023,11:15,12:15,1.0,M23,m,1
Sa,7,JAN,2023,11:15,12:15,1.0,M23,m,2
Sa,7,JAN,2023,12:30,13:30,1.0,M9,m,1
Sa,7,JAN,2023,12:30,13:30,1.0,M9,m,2
Sa,7,JAN,2023,18:45,19:45,1.0,F25,f,1
Sa,7,JAN,2023,18:45,19:45,1.0,F25,f,2
So,8,JAN,2023,9:00,10:00,1.0,F9,f,2
So,8,JAN,2023,12:00,13:00,1.0,M7,m,2
So,8,JAN,2023,15:00,16:00,1.0,F32,f,1
So,8,JAN,2023,17:00,18:00,1.0,M19,m,2
So,8,JAN,2023,18:00,19:00,1.0,F23,f,1
So,8,JAN,2023,18:00,19:00,1.0,F23,f,2
So,8,JAN,2023,19:00,20:45,1.75,F18,f,2
Mo,9,JAN,2023,7:00,8:00,1.0,M16,m,1
Mo,9,JAN,2023,14:30,15:30,1.0,M5,m,1
Mo,9,JAN,2023,14:30,15:30,1.0,M5,m,2
Mo,9,JAN,2023,16:00,17:00,1.0,F22,f,2
Mo,9,JAN,2023,21:30,22:30,1.0,F5,f,1
Di,10,JAN,2023,10:00,11:00,1.0,F33,f,2
Mi,11,JAN,2023,11:15,12:15,1.0,F10,f,2
Mi,11,JAN,2023,14:00,15:00,1.0,M7,m,2
Mi,11,JAN,2023,15:00,16:00,1.0,M17,m,1
Mi,11,JAN,2023,16:00,17:00,1.0,F34,f,1
Mi,11,JAN,2023,16:00,17:00,1.0,F34,f,2
Mi,11,JAN,2023,17:30,18:30,1.0,M14,m,1
Mi,11,JAN,2023,21:30,22:30,1.0,M11,m,1
Mi,11,JAN,2023,21:30,22:30,1.0,M11,m,2
Do,12,JAN,2023,7:00,10:00,3.0,Putzfrau,f,1
Do,12,JAN,2023,7:00,10:00,3.0,Putzfrau,f,2
Do,12,JAN,2023,10:00,11:00,1.0,F2,f,2
Do,12,JAN,2023,12:00,13:00,1.0,F24,f,1
Do,12,JAN,2023,12:00,13:00,1.0,F24,f,2
Do,12,JAN,2023,14:00,16:00,2.0,F11,f,1
Do,12,JAN,2023,14:00,16:00,2.0,F11,f,2
Do,12,JAN,2023,16:00,17:00,1.0,M2,m,1
Do,12,JAN,2023,16:00,17:00,1.0,M17,m,2
Do,12,JAN,2023,17:00,18:00,1.0,M27,m,1
Do,12,JAN,2023,17:00,18:00,1.0,M27,m,2
Do,12,JAN,2023,18:00,19:00,1.0,F20,f,1
Do,12,JAN,2023,19:00,20:00,1.0,F35,f,2
Fr,13,JAN,2023,19:45,20:45,1.0,F27,f,1
Fr,13,JAN,2023,22:45,23:45,1.0,F25,f,1
Fr,13,JAN,2023,22:45,23:45,1.0,F25,f,2
Sa,14,JAN,2023,9:00,10:00,1.0,F13,f,2
Sa,14,JAN,2023,10:00,11:30,1.5,F15,f,1
Sa,14,JAN,2023,10:00,11:30,1.5,F15,f,2
Sa,14,JAN,2023,11:30,12:30,1.0,M7,m,2
Sa,14,JAN,2023,14:15,15:15,1.0,F10,f,2
Sa,14,JAN,2023,17:30,18:30,1.0,M15,m,1
Sa,14,JAN,2023,18:30,19:30,1.0,F12,f,1
Sa,14,JAN,2023,19:30,20:30,1.0,F16,f,1
So,15,JAN,2023,10:00,11:00,1.0,F36,f,1
So,15,JAN,2023,10:00,11:00,1.0,F36,f,2
So,15,JAN,2023,11:00,12:00,1.0,F23,f,2
So,15,JAN,2023,11:30,12:30,1.0,F19,f,1
So,15,JAN,2023,14:00,15:00,1.0,F23,f,2
So,15,JAN,2023,16:00,17:00,1.0,M6,m,1
So,15,JAN,2023,16:00,17:00,1.0,M6,m,2
So,15,JAN,2023,17:00,18:00,1.0,M1,m,1
So,15,JAN,2023,18:00,19:00,1.0,F7,f,1
So,15,JAN,2023,19:00,20:00,1.0,M28,m,1
Mo,16,JAN,2023,9:00,10:00,1.0,M10,m,2
Mo,16,JAN,2023,10:00,11:00,1.0,M3,m,1
Mo,16,JAN,2023,10:00,11:00,1.0,M3,m,2
Mo,16,JAN,2023,13:00,14:00,1.0,M2,m,1
Mo,16,JAN,2023,14:30,15:30,1.0,F37,f,2
Mo,16,JAN,2023,17:00,18:00,1.0,F22,f,1
Mo,16,JAN,2023,22:00,23:00,1.0,F38,f,1
Mo,16,JAN,2023,22:00,23:00,1.0,F38,f,2
Di,17,JAN,2023,9:00,10:00,1.0,F10,f,2
Di,17,JAN,2023,16:30,17:30,1.0,M14,m,1
Di,17,JAN,2023,18:00,19:00,1.0,M9,m,1
Di,17,JAN,2023,18:00,19:00,1.0,M9,m,2
Mi,18,JAN,2023,10:00,11:00,1.0,M29,m,2
Mi,18,JAN,2023,11:00,12:00,1.0,F18,f,2
Mi,18,JAN,2023,12:00,13:00,1.0,F3,f,1
Mi,18,JAN,2023,12:00,13:00,1.0,F3,f,2
Mi,18,JAN,2023,15:30,16:30,1.0,M7,m,2
Mi,18,JAN,2023,16:30,17:30,1.0,F39,f,1
Mi,18,JAN,2023,17:15,18:15,1.0,M19,m,2
Mi,18,JAN,2023,19:30,20:30,1.0,F6,f,1
Mi,18,JAN,2023,20:00,21:00,1.0,F5,f,2
Mi,18,JAN,2023,20:30,21:30,1.0,F27,f,1
Mi,18,JAN,2023,21:00,22:00,1.0,F5,f,2
Do,19,JAN,2023,7:00,10:00,3.0,Putzfrau,f,1
Do,19,JAN,2023,7:00,10:00,3.0,Putzfrau,f,2
Do,19,JAN,2023,16:15,17:15,1.0,M7,m,2
Do,19,JAN,2023,17:00,18:00,1.0,F8,f,1
Do,19,JAN,2023,18:00,19:00,1.0,F10,f,2
Do,19,JAN,2023,19:00,20:30,1.5,F28,f,1
Fr,20,JAN,2023,8:00,9:00,1.0,F2,f,2
Fr,20,JAN,2023,12:00,13:00,1.0,M30,m,1
Fr,20,JAN,2023,21:30,22:30,1.0,F1,f,1
Fr,20,JAN,2023,21:30,22:30,1.0,F1,f,2
Sa,21,JAN,2023,9:45,10:45,1.0,F9,f,1
Sa,21,JAN,2023,9:45,10:45,1.0,F9,f,2
Sa,21,JAN,2023,10:45,11:45,1.0,F9,f,2
Sa,21,JAN,2023,11:00,12:00,1.0,F31,f,1
Sa,21,JAN,2023,12:30,13:30,1.0,F21,f,1
Sa,21,JAN,2023,14:15,15:15,1.0,F40,f,1
So,22,JAN,2023,11:30,12:30,1.0,F26,f,2
So,22,JAN,2023,12:30,13:30,1.0,F29,f,1
So,22,JAN,2023,12:30,13:30,1.0,F29,f,2
So,22,JAN,2023,13:30,14:30,1.0,F21,f,1
So,22,JAN,2023,15:15,16:15,1.0,M12,m,2
So,22,JAN,2023,16:30,17:30,1.0,F4,f,1
So,22,JAN,2023,16:30,17:30,1.0,F4,f,2
So,22,JAN,2023,17:30,18:30,1.0,M7,m,2
So,22,JAN,2023,20:00,21:00,1.0,M6,m,1
So,22,JAN,2023,20:00,21:00,1.0,M6,m,2
Mo,23,JAN,2023,7:45,8:45,1.0,M16,m,2
Mo,23,JAN,2023,14:00,15:00,1.0,M17,m,2
Mo,23,JAN,2023,15:00,16:00,1.0,F11,f,1
Mo,23,JAN,2023,15:00,16:00,1.0,F11,f,2
Di,24,JAN,2023,13:30,15:30,2.0,M3,m,1
Di,24,JAN,2023,13:30,14:30,1.0,M3,m,2
Di,24,JAN,2023,16:00,17:00,1.0,F12,f,1
Di,24,JAN,2023,17:30,19:00,1.5,M9,m,1
Di,24,JAN,2023,17:30,19:00,1.5,M9,m,2
Mi,25,JAN,2023,8:00,9:00,1.0,M16,m,1
Mi,25,JAN,2023,11:00,12:00,1.0,M13,m,1
Mi,25,JAN,2023,11:00,12:00,1.0,M13,m,2
Mi,25,JAN,2023,18:00,19:00,1.0,F5,f,2
Mi,25,JAN,2023,20:30,22:00,1.5,M11,m,1
Do,26,JAN,2023,7:00,10:00,3.0,Putzfrau,f,1
Do,26,JAN,2023,7:00,10:00,3.0,Putzfrau,f,2
Do,26,JAN,2023,10:00,11:00,1.0,F34,f,1
Do,26,JAN,2023,10:00,11:00,1.0,F34,f,2
Do,26,JAN,2023,11:00,12:00,1.0,F16,f,1
Do,26,JAN,2023,11:00,12:00,1.0,F16,f,2
Fr,27,JAN,2023,8:30,9:30,1.0,F33,f,2
Fr,27,JAN,2023,11:00,12:00,1.0,F36,f,1
Fr,27,JAN,2023,11:00,12:00,1.0,F36,f,2
Fr,27,JAN,2023,12:00,13:00,1.0,F23,f,1
Fr,27,JAN,2023,12:00,13:00,1.0,F23,f,2
Fr,27,JAN,2023,13:00,14:00,1.0,M13,m,1
Fr,27,JAN,2023,13:00,14:00,1.0,M13,m,2
Fr,27,JAN,2023,14:00,15:00,1.0,M31,m,2
Fr,27,JAN,2023,16:00,17:00,1.0,F36,f,1
Fr,27,JAN,2023,16:00,17:00,1.0,F36,f,2
Fr,27,JAN,2023,17:00,18:00,1.0,M2,m,1
Fr,27,JAN,2023,18:30,19:30,1.0,F14,f,1
Fr,27,JAN,2023,18:30,19:30,1.0,F14,f,2
Fr,27,JAN,2023,19:30,20:30,1.0,F20,f,1
Sa,28,JAN,2023,8:00,9:00,1.0,F24,f,2
Sa,28,JAN,2023,8:30,10:00,1.5,M2,m,1
Sa,28,JAN,2023,13:45,14:45,1.0,F10,f,2
Sa,28,JAN,2023,16:00,17:00,1.0,F13,f,2
Sa,28,JAN,2023,16:30,17:30,1.0,M28,m,1
Sa,28,JAN,2023,17:30,18:30,1.0,M1,m,2
Sa,28,JAN,2023,19:30,20:30,1.0,F21,f,1
Sa,28,JAN,2023,22:30,23:30,1.0,F36,f,1
Sa,28,JAN,2023,22:30,23:30,1.0,F36,f,2
So,29,JAN,2023,11:00,12:00,1.0,F2,f,2
So,29,JAN,2023,14:00,15:00,1.0,M9,m,1
So,29,JAN,2023,14:00,15:00,1.0,M9,m,2
So,29,JAN,2023,16:00,17:00,1.0,M7,m,2
So,29,JAN,2023,18:00,19:00,1.0,F30,f,1
So,29,JAN,2023,18:00,19:00,1.0,F30,f,2
So,29,JAN,2023,20:00,21:00,1.0,F32,f,1
So,29,JAN,2023,21:00,22:00,1.0,F5,f,1
So,29,JAN,2023,21:00,22:00,1.0,F5,f,2
Mo,30,JAN,2023,10:45,11:45,1.0,F18,f,1
Mo,30,JAN,2023,10:45,11:45,1.0,F18,f,2
Mo,30,JAN,2023,13:00,14:00,1.0,F22,f,2
Mo,30,JAN,2023,14:00,15:00,1.0,M23,m,1
Mo,30,JAN,2023,17:00,18:00,1.0,F6,f,2
Di,31,JAN,2023,8:00,9:00,1.0,M2,m,1
Di,31,JAN,2023,16:00,17:00,1.0,F40,f,1
Di,31,JAN,2023,16:00,17:00,1.0,F40,f,2
Di,31,JAN,2023,17:00,18:00,1.0,F40,f,1
Di,31,JAN,2023,19:00,20:00,1.0,M16,m,2
Mi,1,FEB,2023,12:45,13:45,1.0,M8,m,1
Mi,1,FEB,2023,14:15,15:15,1.0,F10,f,2
Mi,1,FEB,2023,14:45,15:45,1.0,M14,m,1
Mi,1,FEB,2023,16:30,17:30,1.0,M6,m,1
Mi,1,FEB,2023,16:30,17:30,1.0,M6,m,2
Mi,1,FEB,2023,19:00,20:00,1.0,F6,f,2
Mi,1,FEB,2023,20:30,21:30,1.0,F5,f,2
Do,2,FEB,2023,7:00,10:00,3.0,Putzfrau,f,1
Do,2,FEB,2023,7:00,10:00,3.0,Putzfrau,f,2
Do,2,FEB,2023,10:00,11:00,1.0,F27,f,1
Do,2,FEB,2023,10:00,11:00,1.0,F27,f,2
Do,2,FEB,2023,11:00,12:00,1.0,F19,f,1
Do,2,FEB,2023,15:00,16:00,1.0,M15,m,1
Do,2,FEB,2023,15:00,16:00,1.0,M15,m,2
Fr,3,FEB,2023,10:00,11:00,1.0,F10,f,2
Fr,3,FEB,2023,18:00,19:00,1.0,F28,f,1
Fr,3,FEB,2023,21:00,22:00,1.0,F41,f,2
Sa,4,FEB,2023,9:00,11:00,2.0,F15,f,1
Sa,4,FEB,2023,9:00,11:00,2.0,F15,f,2
Sa,4,FEB,2023,11:00,12:00,1.0,F9,f,1
Sa,4,FEB,2023,12:00,13:00,1.0,F12,f,1
Sa,4,FEB,2023,14:30,15:30,1.0,M32,m,1
Sa,4,FEB,2023,14:30,15:30,1.0,M32,m,2
Sa,4,FEB,2023,15:30,16:30,1.0,F16,f,1
Sa,4,FEB,2023,16:30,18:00,1.5,F35,f,1
Sa,4,FEB,2023,16:30,18:00,1.5,F35,f,2
Sa,4,FEB,2023,18:00,19:00,1.0,F42,f,2
Sa,4,FEB,2023,19:00,20:00,1.0,M18,m,1
Sa,4,FEB,2023,20:00,21:00,1.0,M17,m,2
Sa,4,FEB,2023,21:00,22:00,1.0,F41,f,1
So,5,FEB,2023,9:00,10:30,1.5,F11,f,1
So,5,FEB,2023,9:00,10:30,1.5,F11,f,2
So,5,FEB,2023,10:30,11:30,1.0,F17,f,1
So,5,FEB,2023,10:30,11:30,1.0,F17,f,2
So,5,FEB,2023,11:30,12:30,1.0,F31,f,1
So,5,FEB,2023,15:00,17:00,2.0,F25,f,1
So,5,FEB,2023,15:00,17:00,2.0,F25,f,2
So,5,FEB,2023,17:00,18:00,1.0,M17,m,2
So,5,FEB,2023,18:00,20:00,2.0,M6,m,1
So,5,FEB,2023,18:00,20:00,2.0,M6,m,2
So,5,FEB,2023,20:45,21:45,1.0,M28,m,1
So,5,FEB,2023,22:00,23:00,1.0,M7,m,2
Mo,6,FEB,2023,13:00,14:30,1.5,F11,f,1
Mo,6,FEB,2023,13:00,14:30,1.5,F11,f,2
Mo,6,FEB,2023,18:00,19:00,1.0,M14,m,1
Di,7,FEB,2023,9:45,10:45,1.0,F10,f,2
Di,7,FEB,2023,11:30,12:30,1.0,M3,m,1
Di,7,FEB,2023,11:30,12:30,1.0,M3,m,2
Di,7,FEB,2023,16:00,17:00,1.0,F43,f,2
Di,7,FEB,2023,17:30,18:30,1.0,M6,m,1
Di,7,FEB,2023,17:30,18:30,1.0,M6,m,2
Di,7,FEB,2023,19:00,20:00,1.0,M9,m,1
Di,7,FEB,2023,19:00,20:00,1.0,M9,m,2
Mi,8,FEB,2023,9:30,10:30,1.0,M17,m,1
Mi,8,FEB,2023,12:00,13:00,1.0,M24,m,2
Mi,8,FEB,2023,14:30,15:30,1.0,F8,f,1
Mi,8,FEB,2023,14:30,15:30,1.0,F8,f,2
Mi,8,FEB,2023,18:30,19:30,1.0,M14,m,1
Mi,8,FEB,2023,21:30,22:30,1.0,M7,m,2
Do,9,FEB,2023,7:00,10:00,3.0,Putzfrau,f,1
Do,9,FEB,2023,7:00,10:00,3.0,Putzfrau,f,2
Do,9,FEB,2023,12:00,13:00,1.0,M19,m,2
Do,9,FEB,2023,17:00,18:00,1.0,F23,f,1
Do,9,FEB,2023,17:00,18:00,1.0,F23,f,2
Do,9,FEB,2023,19:15,20:15,1.0,M11,m,1
Do,9,FEB,2023,19:15,20:15,1.0,M11,m,2
Fr,10,FEB,2023,6:30,7:30,1.0,M27,m,1
Fr,10,FEB,2023,6:30,7:30,1.0,M27,m,2
Fr,10,FEB,2023,8:30,9:30,1.0,F36,f,1
Fr,10,FEB,2023,8:30,9:30,1.0,F36,f,2
Fr,10,FEB,2023,9:30,10:30,1.0,F36,f,1
Fr,10,FEB,2023,9:30,10:30,1.0,F36,f,2
Fr,10,FEB,2023,11:00,12:00,1.0,F29,f,1
Fr,10,FEB,2023,11:00,12:00,1.0,F29,f,2
Fr,10,FEB,2023,12:15,13:15,1.0,F2,f,2
Fr,10,FEB,2023,17:00,18:00,1.0,M1,m,1
Fr,10,FEB,2023,22:00,23:00,1.0,M12,m,2
Sa,11,FEB,2023,8:30,9:30,1.0,F20,f,1
Sa,11,FEB,2023,10:00,11:00,1.0,F21,f,2
Sa,11,FEB,2023,14:30,15:30,1.0,M7,m,2
Sa,11,FEB,2023,16:00,18:00,2.0,M13,m,1
Sa,11,FEB,2023,16:00,18:00,2.0,M13,m,2
Sa,11,FEB,2023,18:00,19:00,1.0,F16,f,1
Sa,11,FEB,2023,19:30,20:30,1.0,F18,f,1
Sa,11,FEB,2023,19:30,20:30,1.0,F18,f,2
Sa,11,FEB,2023,21:00,22:00,1.0,F13,f,1
Sa,11,FEB,2023,21:00,22:00,1.0,F13,f,2
So,12,FEB,2023,10:00,11:00,1.0,F9,f,2
So,12,FEB,2023,11:00,12:00,1.0,F21,f,1
So,12,FEB,2023,12:00,13:00,1.0,M2,m,1
So,12,FEB,2023,12:00,13:00,1.0,M2,m,2
So,12,FEB,2023,13:00,14:00,1.0,M16,m,1
So,12,FEB,2023,13:00,14:00,1.0,M16,m,2
So,12,FEB,2023,14:00,15:00,1.0,F19,f,2
So,12,FEB,2023,16:00,17:00,1.0,M9,m,1
So,12,FEB,2023,16:00,17:00,1.0,M9,m,2
Mo,13,FEB,2023,8:00,9:00,1.0,F12,f,1
Mo,13,FEB,2023,11:00,12:00,1.0,F21,f,2
Mo,13,FEB,2023,12:00,13:00,1.0,F3,f,1
Mo,13,FEB,2023,12:00,13:00,1.0,F3,f,2
Mo,13,FEB,2023,13:30,14:30,1.0,F34,f,1
Mo,13,FEB,2023,13:30,14:30,1.0,F34,f,2
Mo,13,FEB,2023,16:00,17:00,1.0,F37,f,1
Mo,13,FEB,2023,20:00,21:00,1.0,M7,m,2
Mo,13,FEB,2023,21:00,22:00,1.0,M20,m,1
Mo,13,FEB,2023,21:00,22:00,1.0,M20,m,2
Di,14,FEB,2023,9:00,10:00,1.0,M23,m,1
Di,14,FEB,2023,9:00,10:00,1.0,M23,m,2
Di,14,FEB,2023,10:30,11:30,1.0,F10,f,2
Di,14,FEB,2023,15:30,16:30,1.0,F5,f,2
Mi,15,FEB,2023,9:30,10:30,1.0,M13,m,1
Mi,15,FEB,2023,9:30,10:30,1.0,M13,m,2
Mi,15,FEB,2023,10:30,11:30,1.0,F33,f,1
Mi,15,FEB,2023,11:00,12:00,1.0,F22,f,2
Mi,15,FEB,2023,14:00,15:00,1.0,F38,f,1
Mi,15,FEB,2023,14:00,15:00,1.0,F38,f,2
Mi,15,FEB,2023,19:00,20:00,1.0,M6,m,1
Mi,15,FEB,2023,19:00,20:00,1.0,M6,m,2
Do,16,FEB,2023,7:00,10:00,3.0,Putzfrau,f,1
Do,16,FEB,2023,7:00,10:00,3.0,Putzfrau,f,2
Do,16,FEB,2023,10:15,11:15,1.0,M19,m,2
Do,16,FEB,2023,10:45,11:45,1.0,F40,f,1
Do,16,FEB,2023,11:45,12:45,1.0,M33,m,1
Do,16,FEB,2023,13:00,14:00,1.0,F5,f,2
Do,16,FEB,2023,14:00,15:00,1.0,F2,f,2
Do,16,FEB,2023,15:00,16:00,1.0,F23,f,1
Do,16,FEB,2023,15:00,16:00,1.0,F23,f,2
Do,16,FEB,2023,16:00,17:00,1.0,M14,m,1
Do,16,FEB,2023,17:00,18:00,1.0,M1,m,2
Fr,17,FEB,2023,8:30,9:30,1.0,M17,m,1
Fr,17,FEB,2023,9:00,10:00,1.0,F16,f,2
Fr,17,FEB,2023,10:45,11:45,1.0,F10,f,2
Fr,17,FEB,2023,13:00,14:00,1.0,M33,m,1
Sa,18,FEB,2023,8:45,9:45,1.0,F5,f,2
Sa,18,FEB,2023,11:30,12:30,1.0,M33,m,1
Sa,18,FEB,2023,17:45,18:45,1.0,F25,f,1
Sa,18,FEB,2023,17:45,18:45,1.0,F25,f,2
Sa,18,FEB,2023,19:00,20:00,1.0,M15,m,1
Sa,18,FEB,2023,19:00,20:00,1.0,M15,m,2
Sa,18,FEB,2023,21:30,22:30,1.0,M5,m,1
Sa,18,FEB,2023,21:30,22:30,1.0,M5,m,2
So,19,FEB,2023,20:00,21:00,1.0,M34,m,1
Mo,20,FEB,2023,9:30,11:00,1.5,F11,f,1
Mo,20,FEB,2023,9:30,11:00,1.5,F11,f,2
Mo,20,FEB,2023,11:00,12:00,1.0,F2,f,2
Mo,20,FEB,2023,14:45,16:00,1.25,M34,m,1
Mo,20,FEB,2023,15:00,16:00,1.0,F21,f,2
Mo,20,FEB,2023,17:30,18:30,1.0,F37,f,2
Mo,20,FEB,2023,18:30,19:30,1.0,M3,m,1
Mo,20,FEB,2023,18:30,19:30,1.0,M3,m,2
Di,21,FEB,2023,9:00,10:00,1.0,F9,f,1
Di,21,FEB,2023,9:00,10:00,1.0,F9,f,2
Di,21,FEB,2023,10:00,11:00,1.0,M10,m,2
Di,21,FEB,2023,15:00,16:00,1.0,M7,m,2
Di,21,FEB,2023,17:30,19:00,1.5,M9,m,1
Di,21,FEB,2023,17:30,19:00,1.5,M9,m,2
Di,21,FEB,2023,19:30,20:30,1.0,F15,f,1
Di,21,FEB,2023,19:30,20:30,1.0,F15,f,2
Di,21,FEB,2023,21:00,22:00,1.0,M7,m,2
Di,21,FEB,2023,21:45,22:45,1.0,M30,m,1
Mi,22,FEB,2023,13:00,14:00,1.0,M8,m,1
Mi,22,FEB,2023,15:00,16:00,1.0,M7,m,2
Mi,22,FEB,2023,15:30,16:30,1.0,F17,f,1
Do,23,FEB,2023,7:00,10:00,3.0,Putzfrau,f,1
Do,23,FEB,2023,7:00,10:00,3.0,Putzfrau,f,2
Do,23,FEB,2023,10:30,11:30,1.0,M17,m,1
Fr,24,FEB,2023,10:15,11:15,1.0,F10,f,2
Fr,24,FEB,2023,14:00,15:00,1.0,F13,f,2
Sa,25,FEB,2023,12:00,13:00,1.0,F31,f,1
Sa,25,FEB,2023,12:00,13:00,1.0,F31,f,2
Sa,25,FEB,2023,13:00,14:00,1.0,F31,f,1
Sa,25,FEB,2023,13:00,14:00,1.0,F31,f,2
Sa,25,FEB,2023,17:00,18:00,1.0,F34,f,1
Sa,25,FEB,2023,17:00,18:00,1.0,F34,f,2
So,26,FEB,2023,9:30,10:30,1.0,F16,f,1
So,26,FEB,2023,9:30,10:30,1.0,F16,f,2
So,26,FEB,2023,12:00,13:00,1.0,M9,m,1
So,26,FEB,2023,12:00,13:00,1.0,M9,m,2
So,26,FEB,2023,13:00,14:00,1.0,F19,f,1
So,26,FEB,2023,13:00,14:00,1.0,F19,f,2
So,26,FEB,2023,14:30,15:30,1.0,M16,m,1
So,26,FEB,2023,14:30,15:30,1.0,M16,m,2
Mo,27,FEB,2023,15:00,16:00,1.0,M33,m,1
Mo,27,FEB,2023,19:00,20:30,1.5,F14,f,1
Mo,27,FEB,2023,19:00,20:30,1.5,F14,f,2
Di,28,FEB,2023,8:00,9:00,1.0,M23,m,2
Di,28,FEB,2023,10:30,11:30,1.0,F18,f,1
Di,28,FEB,2023,10:30,11:30,1.0,F18,f,2
Di,28,FEB,2023,11:30,12:30,1.0,F18,f,2
Di,28,FEB,2023,12:30,13:30,1.0,M18,m,1
Di,28,FEB,2023,17:00,18:00,1.0,F12,f,1
Di,28,FEB,2023,17:00,18:00,1.0,F12,f,2
Di,28,FEB,2023,19:00,20:00,1.0,M19,m,1
Di,28,FEB,2023,19:00,20:00,1.0,M19,m,2
Mi,1,MAR,2023,11:00,12:00,1.0,M4,m,1
Mi,1,MAR,2023,15:00,16:00,1.0,M6,m,1
Mi,1,MAR,2023,15:00,16:00,1.0,M6,m,2
Mi,1,MAR,2023,20:30,21:30,1.0,F36,f,1
Mi,1,MAR,2023,20:30,21:30,1.0,F36,f,2
Mi,1,MAR,2023,21:30,22:30,1.0,F36,f,1
Mi,1,MAR,2023,21:30,22:30,1.0,F36,f,2
Mi,1,MAR,2023,22:45,23:45,1.0,M12,m,2
Do,2,MAR,2023,7:00,10:00,3.0,Putzfrau,f,1
Do,2,MAR,2023,7:00,10:00,3.0,Putzfrau,f,2
Do,2,MAR,2023,12:00,13:00,1.0,M24,m,2
Do,2,MAR,2023,12:30,13:30,1.0,F26,f,1
Do,2,MAR,2023,17:30,18:30,1.0,M1,m,2
Fr,3,MAR,2023,8:30,9:30,1.0,F13,f,2
Fr,3,MAR,2023,20:00,21:00,1.0,F33,f,2
Fr,3,MAR,2023,21:00,22:00,1.0,M15,m,1
Fr,3,MAR,2023,21:00,22:00,1.0,M15,m,2
Sa,4,MAR,2023,10:00,11:00,1.0,M29,m,1
Sa,4,MAR,2023,10:00,11:00,1.0,M29,m,2
Sa,4,MAR,2023,11:00,12:00,1.0,M28,m,1
Sa,4,MAR,2023,11:00,12:00,1.0,M28,m,2
Sa,4,MAR,2023,12:30,13:30,1.0,F20,f,1
Sa,4,MAR,2023,14:00,15:00,1.0,F10,f,2
Sa,4,MAR,2023,18:00,19:00,1.0,F13,f,2
Sa,4,MAR,2023,21:00,22:00,1.0,M30,m,1
So,5,MAR,2023,9:30,11:00,1.5,F15,f,1
So,5,MAR,2023,9:30,11:00,1.5,F15,f,2
So,5,MAR,2023,11:00,12:00,1.0,M9,m,1
So,5,MAR,2023,11:00,12:00,1.0,M9,m,2
So,5,MAR,2023,14:30,15:30,1.0,F8,f,1
So,5,MAR,2023,14:30,15:30,1.0,F8,f,2
So,5,MAR,2023,15:30,16:30,1.0,F8,f,1
Mo,6,MAR,2023,8:00,9:00,1.0,M33,m,1
Mo,6,MAR,2023,15:00,17:00,2.0,F23,f,1
Mo,6,MAR,2023,15:00,17:00,2.0,F23,f,2
Mo,6,MAR,2023,17:00,18:00,1.0,M17,m,1
Mo,6,MAR,2023,18:00,19:00,1.0,M32,m,1
Mo,6,MAR,2023,18:00,19:00,1.0,M32,m,2
Mo,6,MAR,2023,19:00,20:00,1.0,M3,m,1
Mo,6,MAR,2023,19:00,20:00,1.0,M3,m,2
Mo,6,MAR,2023,20:00,21:00,1.0,F15,f,1
Di,7,MAR,2023,8:15,9:15,1.0,M2,m,1
Di,7,MAR,2023,21:15,23:00,1.75,F9,f,1
Mi,8,MAR,2023,18:30,19:30,1.0,M22,m,1
Mi,8,MAR,2023,18:30,19:30,1.0,M22,m,2
Do,9,MAR,2023,7:00,10:00,3.0,Putzfrau,f,1
Do,9,MAR,2023,7:00,10:00,3.0,Putzfrau,f,2
Do,9,MAR,2023,14:00,15:00,1.0,M33,m,1
Do,9,MAR,2023,14:00,15:00,1.0,M33,m,2
Do,9,MAR,2023,18:30,19:30,1.0,F16,f,1
Fr,10,MAR,2023,12:15,13:15,1.0,F18,f,2
Fr,10,MAR,2023,17:00,18:00,1.0,M13,m,1
Fr,10,MAR,2023,17:00,18:00,1.0,M13,m,2
Fr,10,MAR,2023,18:00,19:00,1.0,M30,m,2
Sa,11,MAR,2023,10:00,11:00,1.0,M9,m,1
Sa,11,MAR,2023,10:00,11:00,1.0,M9,m,2
Sa,11,MAR,2023,17:00,18:00,1.0,M16,m,1
Sa,11,MAR,2023,17:00,18:00,1.0,M16,m,2
Sa,11,MAR,2023,19:45,21:15,1.5,F30,f,1
Sa,11,MAR,2023,19:45,21:15,1.5,F30,f,2
So,12,MAR,2023,14:00,15:00,1.0,M7,m,2
So,12,MAR,2023,16:00,17:00,1.0,F14,f,1
So,12,MAR,2023,16:00,17:00,1.0,F14,f,2
So,12,MAR,2023,17:00,18:00,1.0,M7,m,2
So,12,MAR,2023,18:15,19:15,1.0,F28,f,1
Mo,13,MAR,2023,18:00,19:00,1.0,F34,f,1
Mo,13,MAR,2023,18:00,19:00,1.0,F34,f,2
Di,14,MAR,2023,7:00,8:00,1.0,M23,m,1
Di,14,MAR,2023,7:00,8:00,1.0,M23,m,2
Mi,15,MAR,2023,10:00,11:00,1.0,F10,f,1
Mi,15,MAR,2023,10:00,11:00,1.0,F10,f,2
Mi,15,MAR,2023,11:00,12:00,1.0,M17,m,1
Mi,15,MAR,2023,12:00,13:00,1.0,M33,m,2
Mi,15,MAR,2023,20:30,21:30,1.0,M13,m,1
Mi,15,MAR,2023,20:30,21:30,1.0,M13,m,2
Do,16,MAR,2023,7:00,10:00,3.0,Putzfrau,f,1
Do,16,MAR,2023,7:00,10:00,3.0,Putzfrau,f,2
Do,16,MAR,2023,12:00,13:00,1.0,F19,f,1
Do,16,MAR,2023,15:30,16:30,1.0,F13,f,2
Do,16,MAR,2023,19:00,21:00,2.0,F28,f,1
Do,16,MAR,2023,19:00,21:00,2.0,M7,m,2
Do,16,MAR,2023,21:00,22:00,1.0,F15,f,1
Do,16,MAR,2023,21:00,22:00,1.0,F15,f,2
Fr,17,MAR,2023,14:00,15:00,1.0,F16,f,1
Fr,17,MAR,2023,15:00,16:00,1.0,M6,m,1
Fr,17,MAR,2023,15:00,16:00,1.0,M6,m,2
Sa,18,MAR,2023,8:30,9:30,1.0,F13,f,2
Sa,18,MAR,2023,15:00,16:00,1.0,M6,m,2
Sa,18,MAR,2023,16:00,17:00,1.0,M7,m,2
Sa,18,MAR,2023,19:00,20:30,1.5,M6,m,2
So,19,MAR,2023,12:00,13:00,1.0,F21,f,1
So,19,MAR,2023,13:00,14:00,1.0,F34,f,2
So,19,MAR,2023,15:00,16:00,1.0,F15,f,1
So,19,MAR,2023,15:00,16:00,1.0,F15,f,2
So,19,MAR,2023,18:00,19:00,1.0,M9,m,1
So,19,MAR,2023,18:00,19:00,1.0,M9,m,2
So,19,MAR,2023,19:00,20:00,1.0,M20,m,1
Mo,20,MAR,2023,8:30,9:30,1.0,M10,m,2
Mo,20,MAR,2023,10:00,11:00,1.0,M17,m,1
Mo,20,MAR,2023,13:00,14:00,1.0,M24,m,2
Mo,20,MAR,2023,14:30,15:30,1.0,F12,f,1
Mo,20,MAR,2023,17:00,18:00,1.0,F23,f,1
Mo,20,MAR,2023,17:00,18:00,1.0,F23,f,2
Mo,20,MAR,2023,18:00,19:00,1.0,F1,f,2
Mo,20,MAR,2023,20:30,21:30,1.0,F11,f,1
Mo,20,MAR,2023,20:30,21:30,1.0,F11,f,2
Mo,20,MAR,2023,21:30,22:30,1.0,F21,f,1
Di,21,MAR,2023,10:00,12:00,2.0,M6,m,1
Di,21,MAR,2023,10:00,12:00,2.0,M6,m,2
Di,21,MAR,2023,13:00,14:00,1.0,M1,m,2
Di,21,MAR,2023,16:00,17:00,1.0,M7,m,2
Mi,22,MAR,2023,9:30,10:30,1.0,F18,f,2
Mi,22,MAR,2023,12:00,13:00,1.0,F23,f,2
Mi,22,MAR,2023,19:00,20:00,1.0,U1,u,1
Mi,22,MAR,2023,20:00,21:00,1.0,M1,m,2
Do,23,MAR,2023,7:00,10:00,3.0,Putzfrau,f,1
Do,23,MAR,2023,7:00,10:00,3.0,Putzfrau,f,2
Do,23,MAR,2023,13:00,14:00,1.0,M33,m,1
Do,23,MAR,2023,13:00,14:00,1.0,M33,m,2
Do,23,MAR,2023,14:30,15:30,1.0,F18,f,1
Do,23,MAR,2023,14:30,15:30,1.0,F18,f,2
Do,23,MAR,2023,17:45,18:45,1.0,M10,m,2
Fr,24,MAR,2023,7:30,8:30,1.0,F16,f,1
Fr,24,MAR,2023,13:00,14:00,1.0,F31,f,1
Fr,24,MAR,2023,13:00,14:00,1.0,F31,f,2
Fr,24,MAR,2023,14:00,15:00,1.0,M18,m,1
Fr,24,MAR,2023,20:00,21:00,1.0,M8,m,1
Sa,25,MAR,2023,12:45,13:45,1.0,F20,f,1
Sa,25,MAR,2023,12:45,13:45,1.0,F20,f,2
Sa,25,MAR,2023,13:45,14:45,1.0,M8,m,1
Sa,25,MAR,2023,13:45,14:45,1.0,M8,m,2
Sa,25,MAR,2023,20:00,21:00,1.0,M33,m,1
Sa,25,MAR,2023,20:00,21:00,1.0,M33,m,2
So,26,MAR,2023,12:00,13:00,1.0,M16,m,1
So,26,MAR,2023,13:00,14:00,1.0,F33,f,2
So,26,MAR,2023,14:45,15:45,1.0,M30,m,1
So,26,MAR,2023,15:00,16:00,1.0,F2,f,2
Mo,27,MAR,2023,10:00,11:30,1.5,M6,m,1
Mo,27,MAR,2023,10:00,11:30,1.5,M6,m,2
Mo,27,MAR,2023,22:00,23:00,1.0,M28,m,1
Mo,27,MAR,2023,22:00,23:00,1.0,M28,m,2
Di,28,MAR,2023,9:00,10:00,1.0,M35,m,1
Di,28,MAR,2023,15:00,16:00,1.0,F3,f,1
Di,28,MAR,2023,15:00,16:00,1.0,F3,f,2
Di,28,MAR,2023,16:00,17:00,1.0,M12,m,2
Di,28,MAR,2023,18:00,19:00,1.0,M9,m,1
Di,28,MAR,2023,18:00,19:00,1.0,M9,m,2
Di,28,MAR,2023,20:45,21:45,1.0,M27,m,1
Di,28,MAR,2023,20:45,21:45,1.0,M27,m,2
Mi,29,MAR,2023,23:00,0:00,1.0,M12,m,1
Mi,29,MAR,2023,23:00,0:00,1.0,M12,m,2
Do,30,MAR,2023,7:00,10:00,3.0,Putzfrau,f,1
Do,30,MAR,2023,7:00,10:00,3.0,Putzfrau,f,2
Do,30,MAR,2023,12:00,13:00,1.0,M7,m,1
Do,30,MAR,2023,12:00,13:00,1.0,M7,m,2
Do,30,MAR,2023,14:30,15:30,1.0,M17,m,1
Do,30,MAR,2023,17:30,18:30,1.0,M19,m,2
Do,30,MAR,2023,18:45,19:45,1.0,M17,m,1
Fr,31,MAR,2023,10:30,11:30,1.0,M13,m,1
Fr,31,MAR,2023,10:30,11:30,1.0,M13,m,2
Fr,31,MAR,2023,13:30,14:30,1.0,F29,f,2
Fr,31,MAR,2023,15:30,16:30,1.0,F9,f,1
Fr,31,MAR,2023,15:30,16:30,1.0,F9,f,2
Fr,31,MAR,2023,18:00,19:00,1.0,F25,f,1
Fr,31,MAR,2023,18:00,19:00,1.0,F25,f,2
Fr,31,MAR,2023,20:00,21:00,1.0,F31,f,1
Fr,31,MAR,2023,20:00,21:00,1.0,M7,m,2
Fr,31,MAR,2023,21:00,22:00,1.0,F31,f,1
Sa,1,APR,2023,8:30,9:30,1.0,F13,f,2
Sa,1,APR,2023,11:00,13:00,2.0,F11,f,1
Sa,1,APR,2023,11:00,13:00,2.0,F11,f,2
Sa,1,APR,2023,15:00,16:00,1.0,F12,f,1
Sa,1,APR,2023,15:00,16:00,1.0,F12,f,2
Sa,1,APR,2023,16:00,17:00,1.0,M32,m,1
Sa,1,APR,2023,16:00,17:00,1.0,M32,m,2
Sa,1,APR,2023,19:30,20:30,1.0,F16,f,1
So,2,APR,2023,10:00,11:00,1.0,F15,f,1
So,2,APR,2023,10:00,11:00,1.0,F15,f,2
So,2,APR,2023,18:15,19:30,1.25,F14,f,1
So,2,APR,2023,18:15,19:30,1.25,F14,f,2
Mo,3,APR,2023,9:00,10:00,1.0,F19,f,1
Mo,3,APR,2023,9:00,10:00,1.0,F19,f,2
Mo,3,APR,2023,10:00,11:00,1.0,M13,m,1
Mo,3,APR,2023,10:00,11:00,1.0,M13,m,2
Mo,3,APR,2023,12:00,13:00,1.0,F26,f,2
Mo,3,APR,2023,16:00,17:00,1.0,F34,f,1
Mo,3,APR,2023,16:00,17:00,1.0,F34,f,2
Mo,3,APR,2023,20:00,21:00,1.0,M19,m,2
Di,4,APR,2023,15:00,16:00,1.0,M33,m,1
Di,4,APR,2023,15:00,16:00,1.0,M33,m,2
Di,4,APR,2023,17:00,18:00,1.0,F23,f,1
Di,4,APR,2023,17:00,18:00,1.0,F23,f,2
Di,4,APR,2023,18:00,19:00,1.0,F18,f,2
Di,4,APR,2023,20:15,21:15,1.0,F25,f,1
Di,4,APR,2023,20:15,21:15,1.0,F25,f,2
Mi,5,APR,2023,18:30,19:30,1.0,M1,m,2
Mi,5,APR,2023,20:00,21:00,1.0,M9,m,1
Mi,5,APR,2023,20:00,21:00,1.0,M9,m,2
Mi,5,APR,2023,21:00,22:00,1.0,M13,m,1
Mi,5,APR,2023,21:00,22:00,1.0,M13,m,2
Do,6,APR,2023,7:00,10:00,3.0,Putzfrau,f,1
Do,6,APR,2023,7:00,10:00,3.0,Putzfrau,f,2
Do,6,APR,2023,10:00,11:00,1.0,F15,f,1
Do,6,APR,2023,11:00,12:00,1.0,M24,m,2
Do,6,APR,2023,12:00,13:00,1.0,F27,f,1
Do,6,APR,2023,12:00,13:00,1.0,F27,f,2
Do,6,APR,2023,16:00,17:00,1.0,M14,m,1
Do,6,APR,2023,16:15,17:15,1.0,M7,m,2
Fr,7,APR,2023,14:00,15:00,1.0,M13,m,1
Fr,7,APR,2023,14:00,15:00,1.0,M13,m,2
Fr,7,APR,2023,15:00,16:00,1.0,M33,m,1
Sa,8,APR,2023,8:30,9:30,1.0,F13,f,1
Sa,8,APR,2023,8:30,9:30,1.0,F13,f,2
Sa,8,APR,2023,12:00,13:00,1.0,F23,f,1
Sa,8,APR,2023,12:00,13:00,1.0,F23,f,2
So,9,APR,2023,10:15,11:15,1.0,M36,m,1
So,9,APR,2023,10:15,11:15,1.0,M36,m,2
So,9,APR,2023,19:30,20:45,1.25,M28,m,1
So,9,APR,2023,19:30,20:45,1.25,M28,m,2
Di,11,APR,2023,12:00,13:00,1.0,F44,f,1
Di,11,APR,2023,12:00,13:00,1.0,F44,f,2
Di,11,APR,2023,13:00,14:00,1.0,M9,m,1
Di,11,APR,2023,13:00,14:00,1.0,M9,m,2
Di,11,APR,2023,14:00,15:00,1.0,M24,m,1
Di,11,APR,2023,14:00,15:00,1.0,M24,m,2
Di,11,APR,2023,19:00,20:00,1.0,M20,m,1
Di,11,APR,2023,19:00,20:00,1.0,M20,m,2
Mi,12,APR,2023,10:00,11:00,1.0,M33,m,1
Mi,12,APR,2023,10:00,11:00,1.0,M33,m,2
Mi,12,APR,2023,11:00,12:00,1.0,F31,f,1
Mi,12,APR,2023,13:00,14:00,1.0,F44,f,1
Mi,12,APR,2023,13:00,14:00,1.0,F44,f,2
Mi,12,APR,2023,14:30,15:30,1.0,M19,m,2
Mi,12,APR,2023,17:00,18:00,1.0,M7,m,2
Mi,12,APR,2023,18:30,19:30,1.0,F28,f,1
Do,13,APR,2023,7:00,10:00,3.0,Putzfrau,f,1
Do,13,APR,2023,7:00,10:00,3.0,Putzfrau,f,2
Do,13,APR,2023,12:15,13:15,1.0,F36,f,1
Do,13,APR,2023,15:30,17:00,1.5,F28,f,1
Do,13,APR,2023,15:30,17:00,1.5,F28,f,2
Do,13,APR,2023,17:00,18:00,1.0,F19,f,1
Do,13,APR,2023,18:00,19:00,1.0,M7,m,2
Do,13,APR,2023,19:30,20:30,1.0,M5,m,1
Do,13,APR,2023,19:30,20:30,1.0,M5,m,2
Fr,14,APR,2023,8:30,9:30,1.0,F31,f,1
Fr,14,APR,2023,10:00,11:00,1.0,M9,m,1
Fr,14,APR,2023,10:00,11:00,1.0,M9,m,2
Fr,14,APR,2023,11:00,12:00,1.0,F24,f,1
Fr,14,APR,2023,11:00,12:00,1.0,F24,f,2
Fr,14,APR,2023,14:30,16:00,1.5,F11,f,1
Fr,14,APR,2023,14:30,16:00,1.5,F11,f,2
Fr,14,APR,2023,21:00,22:00,1.0,M21,m,1
Sa,15,APR,2023,8:30,9:30,1.0,F13,f,1
Sa,15,APR,2023,11:30,12:30,1.0,F16,f,1
Sa,15,APR,2023,11:30,12:30,1.0,F16,f,2
Sa,15,APR,2023,12:30,13:30,1.0,F29,f,2
Sa,15,APR,2023,14:00,15:00,1.0,F21,f,1
Sa,15,APR,2023,17:00,18:00,1.0,M20,m,1
So,16,APR,2023,12:00,13:00,1.0,M10,m,1
So,16,APR,2023,12:00,13:00,1.0,M10,m,2
So,16,APR,2023,14:00,15:00,1.0,F25,f,1
So,16,APR,2023,14:00,15:00,1.0,F25,f,2
So,16,APR,2023,15:00,16:00,1.0,F30,f,1
So,16,APR,2023,15:00,16:00,1.0,F30,f,2
So,16,APR,2023,16:30,17:30,1.0,M15,m,1
So,16,APR,2023,16:30,17:30,1.0,M15,m,2
So,16,APR,2023,17:30,18:30,1.0,M7,m,1
So,16,APR,2023,17:30,18:30,1.0,M7,m,2
So,16,APR,2023,19:00,20:30,1.5,F31,f,1
Mo,17,APR,2023,11:30,12:30,1.0,M17,m,1
Mo,17,APR,2023,12:30,13:30,1.0,F20,f,1
Mo,17,APR,2023,12:30,13:30,1.0,F20,f,2
Mo,17,APR,2023,14:30,15:30,1.0,M18,m,1
Mo,17,APR,2023,14:30,15:30,1.0,M1,m,2
Mo,17,APR,2023,16:00,17:00,1.0,M11,m,1
Mo,17,APR,2023,16:00,17:00,1.0,M11,m,2
Mo,17,APR,2023,19:00,20:00,1.0,F2,f,2
Mo,17,APR,2023,21:00,22:00,1.0,F9,f,1
Mo,17,APR,2023,21:00,22:00,1.0,F9,f,2
Di,18,APR,2023,7:00,8:00,1.0,M2,m,1
Di,18,APR,2023,11:00,12:00,1.0,F16,f,1
Di,18,APR,2023,13:00,14:00,1.0,F44,f,1
Di,18,APR,2023,13:00,14:00,1.0,F44,f,2
Di,18,APR,2023,18:30,19:30,1.0,F30,f,2
Di,18,APR,2023,20:00,21:00,1.0,M2,m,1
Mi,19,APR,2023,10:30,12:00,1.5,F18,f,1
Mi,19,APR,2023,10:30,11:30,1.0,F18,f,2
Mi,19,APR,2023,14:00,15:00,1.0,M21,m,1
Mi,19,APR,2023,15:00,16:30,1.5,M20,m,1
Mi,19,APR,2023,15:00,16:30,1.5,M20,m,2
Mi,19,APR,2023,16:30,17:30,1.0,F45,f,1
Do,20,APR,2023,7:00,10:00,3.0,Putzfrau,f,1
Do,20,APR,2023,7:00,10:00,3.0,Putzfrau,f,2
Do,20,APR,2023,11:00,12:00,1.0,F34,f,1
Do,20,APR,2023,11:00,12:00,1.0,F34,f,2
Do,20,APR,2023,12:00,13:00,1.0,F22,f,2
Do,20,APR,2023,18:00,19:30,1.5,F11,f,1
Do,20,APR,2023,18:00,19:30,1.5,F11,f,2
Do,20,APR,2023,20:30,21:30,1.0,F12,f,1
Do,20,APR,2023,21:00,22:00,1.0,M7,m,2
Fr,21,APR,2023,11:15,13:15,2.0,M37,m,1
Fr,21,APR,2023,14:00,15:00,1.0,F21,f,2
Fr,21,APR,2023,16:00,17:00,1.0,F29,f,2
Fr,21,APR,2023,19:00,20:00,1.0,M3,m,1
Fr,21,APR,2023,19:00,20:30,1.5,M30,m,2
Sa,22,APR,2023,10:00,11:00,1.0,M9,m,1
Sa,22,APR,2023,10:00,11:00,1.0,M9,m,2
Sa,22,APR,2023,11:15,12:15,1.0,M36,m,1
Sa,22,APR,2023,11:15,12:15,1.0,M36,m,2
Sa,22,APR,2023,13:00,14:00,1.0,M19,m,1
Sa,22,APR,2023,13:00,14:00,1.0,M19,m,2
Sa,22,APR,2023,16:30,17:30,1.0,F3,f,1
Sa,22,APR,2023,16:30,17:30,1.0,M7,m,2
So,23,APR,2023,9:00,10:00,1.0,F15,f,1
So,23,APR,2023,9:00,10:00,1.0,F15,f,2
So,23,APR,2023,10:00,11:00,1.0,M16,m,1
So,23,APR,2023,10:00,11:00,1.0,M16,m,2
So,23,APR,2023,13:00,14:00,1.0,F23,f,2
So,23,APR,2023,14:00,15:00,1.0,M33,m,1
So,23,APR,2023,14:00,15:00,1.0,M33,m,2
So,23,APR,2023,17:45,18:45,1.0,F27,f,1
So,23,APR,2023,17:45,18:45,1.0,F27,f,2
So,23,APR,2023,19:00,20:00,1.0,F27,f,1
So,23,APR,2023,19:00,20:00,1.0,F21,f,2
So,23,APR,2023,20:15,21:15,1.0,M3,m,1
So,23,APR,2023,20:15,21:15,1.0,M3,m,2
So,23,APR,2023,21:15,22:15,1.0,F14,f,1
So,23,APR,2023,21:15,22:15,1.0,F14,f,2
Mo,24,APR,2023,9:00,10:00,1.0,M32,m,1
Mo,24,APR,2023,9:00,10:00,1.0,M32,m,2
Mo,24,APR,2023,10:30,11:30,1.0,M17,m,1
Mo,24,APR,2023,21:30,22:30,1.0,M13,m,1
Mo,24,APR,2023,21:30,22:30,1.0,M13,m,2
Di,25,APR,2023,11:00,12:00,1.0,F46,f,1
Di,25,APR,2023,11:00,12:00,1.0,F46,f,2
Di,25,APR,2023,12:30,13:30,1.0,F8,f,1
Mi,26,APR,2023,8:45,9:45,1.0,M2,m,1
Mi,26,APR,2023,10:00,11:00,1.0,F13,f,2
Mi,26,APR,2023,17:30,18:30,1.0,M35,m,2
Mi,26,APR,2023,18:30,19:30,1.0,M19,m,2
Mi,26,APR,2023,19:00,20:00,1.0,M14,m,1
Mi,26,APR,2023,20:00,21:00,1.0,F11,f,1
Mi,26,APR,2023,20:00,21:00,1.0,F11,f,2
Do,27,APR,2023,7:00,10:00,3.0,Putzfrau,f,1
Do,27,APR,2023,7:00,10:00,3.0,Putzfrau,f,2
Do,27,APR,2023,15:00,16:00,1.0,F43,f,1
Do,27,APR,2023,17:30,18:30,1.0,F1,f,1
Do,27,APR,2023,17:30,18:30,1.0,F1,f,2
Do,27,APR,2023,18:30,19:30,1.0,F24,f,1
Do,27,APR,2023,18:30,19:30,1.0,F24,f,2
Do,27,APR,2023,19:30,20:30,1.0,M9,m,1
Fr,28,APR,2023,9:45,10:45,1.0,F32,f,1
Fr,28,APR,2023,13:30,15:00,1.5,F9,f,1
Fr,28,APR,2023,13:30,15:00,1.5,F9,f,2
Fr,28,APR,2023,15:00,16:00,1.0,M33,m,1
Fr,28,APR,2023,16:15,17:15,1.0,F34,f,1
Fr,28,APR,2023,18:00,19:00,1.0,M11,m,1
Fr,28,APR,2023,20:00,21:00,1.0,F36,f,1
Fr,28,APR,2023,20:00,21:00,1.0,F36,f,2
Sa,29,APR,2023,7:30,8:30,1.0,F16,f,1
Sa,29,APR,2023,10:00,11:00,1.0,F12,f,1
Sa,29,APR,2023,15:30,16:30,1.0,F2,f,2
Sa,29,APR,2023,20:30,21:30,1.0,F15,f,1
Sa,29,APR,2023,20:30,21:30,1.0,F15,f,2
So,30,APR,2023,10:00,11:00,1.0,M20,m,1
So,30,APR,2023,10:00,11:00,1.0,M20,m,2
So,30,APR,2023,11:30,12:30,1.0,M5,m,1
So,30,APR,2023,13:00,14:00,1.0,F23,f,1
So,30,APR,2023,13:00,14:00,1.0,F23,f,2
So,30,APR,2023,14:00,15:00,1.0,M7,m,2
So,30,APR,2023,15:30,16:30,1.0,M19,m,1
So,30,APR,2023,15:30,16:30,1.0,M19,m,2
Mo,1,MAI,2023,16:00,17:00,1.0,F25,f,1
Mo,1,MAI,2023,16:00,17:00,1.0,F25,f,2
Mo,1,MAI,2023,17:00,18:00,1.0,M16,m,1
Mo,1,MAI,2023,17:00,18:00,1.0,M16,m,2
Mo,1,MAI,2023,18:00,19:00,1.0,F45,f,1
Mo,1,MAI,2023,18:00,19:00,1.0,F45,f,2
Mo,1,MAI,2023,20:00,21:00,1.0,M33,m,1
Mo,1,MAI,2023,20:00,21:00,1.0,M33,m,2
Mo,1,MAI,2023,22:00,23:00,1.0,M2,m,1
Mo,1,MAI,2023,22:00,23:00,1.0,M2,m,2
Mo,1,MAI,2023,23:00,0:00,1.0,M14,m,1
Di,2,MAI,2023,8:15,9:15,1.0,M19,m,2
Di,2,MAI,2023,16:00,17:00,1.0,F36,f,1
Di,2,MAI,2023,16:00,17:00,1.0,F36,f,2
Di,2,MAI,2023,17:00,18:00,1.0,F37,f,1
Di,2,MAI,2023,20:00,21:00,1.0,M15,m,1
Di,2,MAI,2023,20:00,21:00,1.0,M15,m,2
Di,2,MAI,2023,21:30,22:30,1.0,M7,m,1
Di,2,MAI,2023,21:30,22:30,1.0,M7,m,2
Mi,3,MAI,2023,10:00,11:00,1.0,M13,m,1
Mi,3,MAI,2023,10:00,11:00,1.0,M13,m,2
Mi,3,MAI,2023,17:30,18:30,1.0,M9,m,1
Mi,3,MAI,2023,17:30,18:30,1.0,M9,m,2
Mi,3,MAI,2023,23:00,0:00,1.0,F41,f,1
Mi,3,MAI,2023,23:00,0:00,1.0,F41,f,2
Do,4,MAI,2023,7:00,10:00,3.0,Putzfrau,f,1
Do,4,MAI,2023,7:00,10:00,3.0,Putzfrau,f,2
Do,4,MAI,2023,11:00,12:00,1.0,F24,f,2
Do,4,MAI,2023,14:30,15:30,1.0,F31,f,2
Do,4,MAI,2023,16:00,17:00,1.0,M17,m,1
Do,4,MAI,2023,16:15,17:15,1.0,M17,m,2
Do,4,MAI,2023,17:30,18:30,1.0,M1,m,1
Do,4,MAI,2023,20:00,21:00,1.0,M30,m,2
Fr,5,MAI,2023,9:00,10:00,1.0,F47,f,1
Fr,5,MAI,2023,9:00,10:00,1.0,F47,f,2
Fr,5,MAI,2023,10:00,11:00,1.0,F17,f,1
Fr,5,MAI,2023,10:30,11:30,1.0,M13,m,2
Fr,5,MAI,2023,11:00,12:00,1.0,F45,f,1
Fr,5,MAI,2023,12:15,13:15,1.0,F26,f,2
Fr,5,MAI,2023,14:00,15:00,1.0,F43,f,1
Fr,5,MAI,2023,15:00,16:00,1.0,F20,f,1
Fr,5,MAI,2023,15:00,16:00,1.0,F20,f,2
Fr,5,MAI,2023,17:45,18:45,1.0,F27,f,1
Fr,5,MAI,2023,19:00,20:00,1.0,M28,m,1
Fr,5,MAI,2023,19:00,20:00,1.0,M28,m,2
Fr,5,MAI,2023,21:00,22:00,1.0,M7,m,1
Fr,5,MAI,2023,21:00,22:00,1.0,M7,m,2
Sa,6,MAI,2023,8:30,9:30,1.0,F13,f,2
Sa,6,MAI,2023,9:00,10:00,1.0,F33,f,1
Sa,6,MAI,2023,12:00,13:00,1.0,F29,f,2
Sa,6,MAI,2023,14:00,15:00,1.0,F22,f,2
Sa,6,MAI,2023,14:45,15:45,1.0,F15,f,1
Sa,6,MAI,2023,15:00,16:00,1.0,F31,f,2
Sa,6,MAI,2023,16:30,17:30,1.0,F43,f,2
Sa,6,MAI,2023,18:00,19:00,1.0,F44,f,1
So,7,MAI,2023,10:00,11:00,1.0,F16,f,1
So,7,MAI,2023,13:30,14:30,1.0,M14,m,1
So,7,MAI,2023,13:30,14:30,1.0,M14,m,2
So,7,MAI,2023,15:00,16:00,1.0,M24,m,1
So,7,MAI,2023,15:00,16:00,1.0,M24,m,2
So,7,MAI,2023,16:15,17:15,1.0,F25,f,1
So,7,MAI,2023,16:15,17:15,1.0,F25,f,2
So,7,MAI,2023,17:30,18:30,1.0,F8,f,1
Mo,8,MAI,2023,10:45,11:45,1.0,M18,m,1
Mo,8,MAI,2023,14:30,15:30,1.0,F43,f,2
Mo,8,MAI,2023,16:00,17:00,1.0,F23,f,1
Mo,8,MAI,2023,16:00,17:00,1.0,F23,f,2
Mo,8,MAI,2023,20:00,21:00,1.0,F35,f,1
Mo,8,MAI,2023,20:00,21:00,1.0,F35,f,2
Mo,8,MAI,2023,21:00,22:00,1.0,F46,f,1
Mo,8,MAI,2023,21:00,22:00,1.0,F27,f,2
Di,9,MAI,2023,11:00,12:00,1.0,M33,m,1
Di,9,MAI,2023,11:00,12:00,1.0,M33,m,2
Di,9,MAI,2023,15:00,16:00,1.0,F36,f,1
Di,9,MAI,2023,15:00,16:00,1.0,F36,f,2
Di,9,MAI,2023,19:00,20:00,1.0,F31,f,1
Mi,10,MAI,2023,14:00,15:00,1.0,F26,f,2
Mi,10,MAI,2023,16:30,17:30,1.0,M7,m,1
Mi,10,MAI,2023,16:30,17:30,1.0,M7,m,2
Mi,10,MAI,2023,18:30,19:30,1.0,F9,f,1
Mi,10,MAI,2023,18:30,19:30,1.0,F9,f,2
Mi,10,MAI,2023,19:30,20:30,1.0,M3,m,1
Mi,10,MAI,2023,19:30,20:30,1.0,M3,m,2
Mi,10,MAI,2023,20:30,22:00,1.5,F11,f,1
Mi,10,MAI,2023,20:30,22:00,1.5,F11,f,2
Mi,10,MAI,2023,22:00,23:00,1.0,F42,f,2
Mi,10,MAI,2023,23:00,0:00,1.0,M2,m,1
Do,11,MAI,2023,7:00,10:00,3.0,Putzfrau,f,1
Do,11,MAI,2023,7:00,10:00,3.0,Putzfrau,f,2
Do,11,MAI,2023,10:00,11:00,1.0,F18,f,1
Do,11,MAI,2023,10:00,11:00,1.0,F18,f,2
Do,11,MAI,2023,11:00,12:00,1.0,M20,m,1
Do,11,MAI,2023,11:00,12:00,1.0,M20,m,2
Do,11,MAI,2023,12:30,13:30,1.0,M5,m,1
Do,11,MAI,2023,13:00,14:00,1.0,M29,m,2
Do,11,MAI,2023,14:00,15:00,1.0,F48,f,1
Do,11,MAI,2023,15:30,16:30,1.0,F42,f,2
Do,11,MAI,2023,17:30,18:30,1.0,M9,m,1
Do,11,MAI,2023,17:30,18:30,1.0,M9,m,2
Do,11,MAI,2023,18:30,19:30,1.0,M11,m,1
Do,11,MAI,2023,20:00,21:00,1.0,F12,f,1
Do,11,MAI,2023,20:15,21:15,1.0,M38,m,2
Fr,12,MAI,2023,17:00,18:00,1.0,F31,f,1
Fr,12,MAI,2023,18:45,19:45,1.0,F18,f,2
Sa,13,MAI,2023,7:30,9:00,1.5,F15,f,1
Sa,13,MAI,2023,7:30,9:00,1.5,F15,f,2
Sa,13,MAI,2023,13:00,14:00,1.0,M33,m,1
Sa,13,MAI,2023,13:00,14:00,1.0,M33,m,2
Sa,13,MAI,2023,16:00,17:00,1.0,F2,f,2
Sa,13,MAI,2023,19:00,20:00,1.0,F16,f,1
So,14,MAI,2023,8:30,10:00,1.5,M16,m,1
So,14,MAI,2023,8:30,10:00,1.5,M16,m,2
So,14,MAI,2023,11:00,12:00,1.0,F2,f,2
So,14,MAI,2023,13:00,14:00,1.0,F23,f,1
So,14,MAI,2023,13:00,14:00,1.0,F23,f,2
So,14,MAI,2023,14:00,15:30,1.5,F31,f,1
So,14,MAI,2023,19:00,20:00,1.0,M15,m,1
So,14,MAI,2023,19:00,20:00,1.0,M15,m,2
So,14,MAI,2023,22:30,23:30,1.0,M7,m,2
Mo,15,MAI,2023,9:00,10:00,1.0,F32,f,1
Mo,15,MAI,2023,10:30,11:30,1.0,M17,m,1
Mo,15,MAI,2023,16:45,17:45,1.0,M19,m,2
Mo,15,MAI,2023,18:00,19:00,1.0,F29,f,1
Mo,15,MAI,2023,18:30,19:30,1.0,F21,f,2
Di,16,MAI,2023,9:30,10:30,1.0,F37,f,2
Di,16,MAI,2023,10:00,11:00,1.0,M29,m,1
Di,16,MAI,2023,15:40,16:40,1.0,M14,m,1
Di,16,MAI,2023,16:00,17:00,1.0,F19,f,2
Di,16,MAI,2023,17:00,18:00,1.0,F27,f,2
Di,16,MAI,2023,21:00,22:00,1.0,F21,f,2
Di,16,MAI,2023,21:30,22:30,1.0,F45,f,1
Di,16,MAI,2023,22:30,23:30,1.0,M7,m,1
Di,16,MAI,2023,22:30,23:30,1.0,M7,m,2
Mi,17,MAI,2023,13:00,14:00,1.0,F43,f,1
Mi,17,MAI,2023,13:30,14:30,1.0,M10,m,2
Mi,17,MAI,2023,14:00,15:00,1.0,M1,m,1
Mi,17,MAI,2023,15:00,16:00,1.0,F43,f,1
Mi,17,MAI,2023,20:00,21:00,1.0,F44,f,1
Mi,17,MAI,2023,20:30,21:30,1.0,F43,f,2
Do,18,MAI,2023,7:00,10:00,3.0,Putzfrau,f,1
Do,18,MAI,2023,7:00,10:00,3.0,Putzfrau,f,2
Do,18,MAI,2023,10:30,11:30,1.0,F40,f,1
Do,18,MAI,2023,10:30,11:30,1.0,F40,f,2
Do,18,MAI,2023,13:00,14:00,1.0,F34,f,1
Do,18,MAI,2023,13:00,14:00,1.0,F34,f,2
Do,18,MAI,2023,15:00,16:00,1.0,F38,f,1
Do,18,MAI,2023,15:00,16:00,1.0,F38,f,2
Do,18,MAI,2023,17:00,18:00,1.0,M33,m,1
Do,18,MAI,2023,17:00,18:00,1.0,M33,m,2
Do,18,MAI,2023,18:30,19:30,1.0,F47,f,1
Fr,19,MAI,2023,9:30,11:00,1.5,F1,f,1
Fr,19,MAI,2023,9:30,11:00,1.5,F1,f,2
Fr,19,MAI,2023,19:30,20:30,1.0,F42,f,1
Fr,19,MAI,2023,23:00,0:00,1.0,F33,f,1
Sa,20,MAI,2023,10:00,11:00,1.0,M28,m,1
Sa,20,MAI,2023,10:00,11:00,1.0,M28,m,2
Sa,20,MAI,2023,11:00,12:00,1.0,F13,f,1
Sa,20,MAI,2023,11:00,12:00,1.0,F13,f,2
Sa,20,MAI,2023,13:00,14:00,1.0,M2,m,1
Sa,20,MAI,2023,17:00,18:30,1.5,F35,f,1
Sa,20,MAI,2023,17:00,18:30,1.5,F35,f,2
Sa,20,MAI,2023,18:30,19:30,1.0,M32,m,1
Sa,20,MAI,2023,18:30,19:30,1.0,M32,m,2
Sa,20,MAI,2023,23:00,0:00,1.0,M2,m,1
So,21,MAI,2023,10:00,11:00,1.0,M7,m,1
So,21,MAI,2023,10:00,11:00,1.0,M7,m,2
So,21,MAI,2023,11:00,12:00,1.0,M9,m,1
So,21,MAI,2023,11:00,12:00,1.0,M9,m,2
So,21,MAI,2023,12:00,14:00,2.0,F36,f,1
So,21,MAI,2023,12:00,14:00,2.0,F36,f,2
So,21,MAI,2023,14:00,15:00,1.0,F3,f,1
So,21,MAI,2023,14:00,15:00,1.0,F3,f,2
So,21,MAI,2023,15:00,16:00,1.0,F31,f,1
So,21,MAI,2023,17:45,18:45,1.0,F2,f,2
So,21,MAI,2023,18:45,19:45,1.0,M15,m,1
So,21,MAI,2023,18:45,19:45,1.0,M15,m,2
So,21,MAI,2023,20:00,21:00,1.0,F46,f,1
So,21,MAI,2023,20:00,21:00,1.0,F46,f,2
Mo,22,MAI,2023,8:30,9:30,1.0,F29,f,2
Mo,22,MAI,2023,9:00,10:00,1.0,F16,f,1
Mo,22,MAI,2023,10:00,11:00,1.0,F24,f,1
Mo,22,MAI,2023,10:00,11:00,1.0,F24,f,2
Mo,22,MAI,2023,13:00,14:00,1.0,F19,f,2
Mo,22,MAI,2023,18:30,19:30,1.0,M1,m,2
Mo,22,MAI,2023,19:30,20:30,1.0,F43,f,1
Di,23,MAI,2023,9:00,10:00,1.0,M36,m,1
Di,23,MAI,2023,9:00,10:00,1.0,M36,m,2
Di,23,MAI,2023,10:00,11:00,1.0,F23,f,1
Di,23,MAI,2023,10:00,11:00,1.0,F23,f,2
Di,23,MAI,2023,15:15,16:15,1.0,M11,m,1
Di,23,MAI,2023,15:15,16:15,1.0,M11,m,2
Di,23,MAI,2023,17:00,18:00,1.0,F8,f,1
Di,23,MAI,2023,17:00,18:00,1.0,F45,f,2
Di,23,MAI,2023,18:00,19:00,1.0,M5,m,1
Di,23,MAI,2023,18:00,19:00,1.0,M5,m,2
Di,23,MAI,2023,20:00,21:00,1.0,F43,f,1
Di,23,MAI,2023,21:00,22:00,1.0,F42,f,1
Mi,24,MAI,2023,16:30,17:30,1.0,F20,f,1
Mi,24,MAI,2023,16:30,17:30,1.0,F20,f,2
Mi,24,MAI,2023,18:00,19:00,1.0,M13,m,1
Mi,24,MAI,2023,18:00,19:00,1.0,M13,m,2
Mi,24,MAI,2023,19:00,20:00,1.0,F20,f,1
Mi,24,MAI,2023,19:00,20:00,1.0,F20,f,2
Mi,24,MAI,2023,20:00,21:00,1.0,F20,f,2
Mi,24,MAI,2023,22:00,23:00,1.0,M7,m,1
Do,25,MAI,2023,7:00,10:00,3.0,Putzfrau,f,1
Do,25,MAI,2023,7:00,10:00,3.0,Putzfrau,f,2
Do,25,MAI,2023,12:30,13:30,1.0,F27,f,1
Do,25,MAI,2023,12:30,13:30,1.0,F27,f,2
Do,25,MAI,2023,13:30,14:30,1.0,M2,m,1
Do,25,MAI,2023,14:30,15:30,1.0,M17,m,1
Do,25,MAI,2023,14:30,15:30,1.0,F44,f,2
Do,25,MAI,2023,16:00,17:00,1.0,F11,f,1
Do,25,MAI,2023,16:00,17:00,1.0,F11,f,2
Do,25,MAI,2023,17:00,18:00,1.0,M16,m,1
Do,25,MAI,2023,17:00,18:00,1.0,M16,m,2
Do,25,MAI,2023,19:00,20:00,1.0,F12,f,1
Fr,26,MAI,2023,16:45,17:45,1.0,M14,m,1
Fr,26,MAI,2023,16:45,17:45,1.0,M14,m,2
Fr,26,MAI,2023,18:00,19:00,1.0,F47,f,1
Fr,26,MAI,2023,18:00,19:00,1.0,F47,f,2
Fr,26,MAI,2023,20:00,21:00,1.0,M30,m,1
Fr,26,MAI,2023,20:00,21:00,1.0,M30,m,2
Sa,27,MAI,2023,13:30,14:30,1.0,F31,f,1
Sa,27,MAI,2023,13:30,14:30,1.0,F31,f,2
Sa,27,MAI,2023,17:00,18:00,1.0,M7,m,2
Sa,27,MAI,2023,21:00,22:00,1.0,F15,f,1
Sa,27,MAI,2023,21:00,22:00,1.0,F15,f,2
So,28,MAI,2023,19:00,20:00,1.0,F23,f,2
Mo,29,MAI,2023,7:00,8:00,1.0,M33,m,1
Mo,29,MAI,2023,7:00,8:00,1.0,M33,m,2
Mo,29,MAI,2023,10:00,11:00,1.0,M9,m,1
Mo,29,MAI,2023,10:00,11:00,1.0,M9,m,2
Mo,29,MAI,2023,11:00,12:00,1.0,F25,f,1
Mo,29,MAI,2023,11:00,12:00,1.0,F25,f,2
Mo,29,MAI,2023,12:00,13:00,1.0,F15,f,1
Mo,29,MAI,2023,12:00,13:00,1.0,F15,f,2
Mo,29,MAI,2023,13:00,14:00,1.0,F25,f,2
Mo,29,MAI,2023,14:00,15:00,1.0,M7,m,1
Mo,29,MAI,2023,14:00,15:00,1.0,M7,m,2
Mo,29,MAI,2023,15:00,17:00,2.0,F36,f,1
Mo,29,MAI,2023,15:00,17:00,2.0,F36,f,2
Di,30,MAI,2023,16:00,16:45,0.75,F9,f,1
Di,30,MAI,2023,16:00,16:45,0.75,F9,f,2
Mi,31,MAI,2023,16:00,17:00,1.0,F33,f,1
Do,1,JUN,2023,7:00,10:00,3.0,Putzfrau,f,1
Do,1,JUN,2023,7:00,10:00,3.0,Putzfrau,f,2
Do,1,JUN,2023,12:00,13:00,1.0,F42,f,1
Fr,2,JUN,2023,8:30,9:30,1.0,M16,m,1
Fr,2,JUN,2023,8:30,9:30,1.0,M16,m,2
Fr,2,JUN,2023,11:30,12:30,1.0,M17,m,1
Fr,2,JUN,2023,11:30,12:30,1.0,M17,m,2
Fr,2,JUN,2023,12:30,13:30,1.0,F40,f,1
Fr,2,JUN,2023,12:30,13:30,1.0,F40,f,2
Fr,2,JUN,2023,20:15,21:15,1.0,F14,f,1
Fr,2,JUN,2023,20:15,21:15,1.0,F14,f,2
Sa,3,JUN,2023,8:00,9:00,1.0,F34,f,1
Sa,3,JUN,2023,8:00,9:00,1.0,F34,f,2
Sa,3,JUN,2023,10:30,11:30,1.0,M28,m,1
Sa,3,JUN,2023,10:30,11:30,1.0,M28,m,2
Sa,3,JUN,2023,14:00,15:00,1.0,F4,f,2
Sa,3,JUN,2023,15:00,16:00,1.0,F28,f,1
Sa,3,JUN,2023,19:00,20:00,1.0,F19,f,2
So,4,JUN,2023,0:00,1:00,1.0,F31,f,1
So,4,JUN,2023,14:30,15:30,1.0,M16,m,1
So,4,JUN,2023,14:30,15:30,1.0,M16,m,2
So,4,JUN,2023,15:45,16:45,1.0,F33,f,1
So,4,JUN,2023,22:30,23:30,1.0,M7,m,2
So,4,JUN,2023,23:00,0:00,1.0,F31,f,1
Mo,5,JUN,2023,8:00,9:00,1.0,F42,f,1
Mo,5,JUN,2023,11:00,12:00,1.0,F1,f,1
Mo,5,JUN,2023,11:00,12:00,1.0,F1,f,2
Mo,5,JUN,2023,13:00,14:00,1.0,M33,m,1
Mo,5,JUN,2023,13:00,14:00,1.0,M33,m,2
Mo,5,JUN,2023,15:00,16:00,1.0,F13,f,1
Mo,5,JUN,2023,15:00,16:00,1.0,F13,f,2
Mo,5,JUN,2023,16:30,17:30,1.0,F3,f,1
Mo,5,JUN,2023,16:30,17:30,1.0,F3,f,2
Mo,5,JUN,2023,17:30,18:30,1.0,F20,f,1
Mo,5,JUN,2023,17:30,18:30,1.0,F20,f,2
Mo,5,JUN,2023,18:30,19:30,1.0,F29,f,2
Mo,5,JUN,2023,20:00,21:00,1.0,F43,f,1
Mo,5,JUN,2023,21:00,22:00,1.0,M13,m,1
Mo,5,JUN,2023,21:00,22:00,1.0,M13,m,2
Mo,5,JUN,2023,22:30,23:30,1.0,M15,m,1
Mo,5,JUN,2023,22:30,23:30,1.0,M15,m,2
Di,6,JUN,2023,8:30,9:30,1.0,M18,m,1
Di,6,JUN,2023,10:30,11:30,1.0,F32,f,1
Di,6,JUN,2023,10:30,11:30,1.0,F32,f,2
Di,6,JUN,2023,13:00,14:00,1.0,F31,f,1
Di,6,JUN,2023,14:00,15:00,1.0,M22,m,1
Di,6,JUN,2023,14:00,15:00,1.0,M22,m,2
Di,6,JUN,2023,15:00,16:00,1.0,F47,f,2
Di,6,JUN,2023,16:00,17:00,1.0,M33,m,1
Di,6,JUN,2023,18:30,19:30,1.0,F2,f,2
Di,6,JUN,2023,19:30,20:30,1.0,M3,m,1
Mi,7,JUN,2023,11:00,13:00,2.0,F30,f,1
Mi,7,JUN,2023,11:00,13:00,2.0,F30,f,2
Mi,7,JUN,2023,13:00,14:00,1.0,F12,f,1
Mi,7,JUN,2023,13:00,14:00,1.0,M19,m,2
Mi,7,JUN,2023,14:00,15:00,1.0,F48,f,1
Mi,7,JUN,2023,14:00,15:00,1.0,F48,f,2
Mi,7,JUN,2023,15:00,16:00,1.0,M14,m,1
Mi,7,JUN,2023,15:00,16:00,1.0,M14,m,2
Mi,7,JUN,2023,16:00,17:00,1.0,M5,m,1
Mi,7,JUN,2023,16:00,17:00,1.0,M5,m,2
Mi,7,JUN,2023,17:30,18:30,1.0,F47,f,1
Mi,7,JUN,2023,20:00,21:00,1.0,F33,f,1
Do,8,JUN,2023,7:00,10:00,3.0,Putzfrau,f,1
Do,8,JUN,2023,7:00,10:00,3.0,Putzfrau,f,2
Do,8,JUN,2023,12:00,13:00,1.0,F16,f,1
Do,8,JUN,2023,12:00,13:00,1.0,F16,f,2
Do,8,JUN,2023,14:00,15:00,1.0,M1,m,2
Do,8,JUN,2023,16:35,17:35,1.0,M32,m,1
Do,8,JUN,2023,16:35,17:35,1.0,M32,m,2
Do,8,JUN,2023,18:00,19:00,1.0,M19,m,2
Do,8,JUN,2023,20:30,21:30,1.0,M36,m,1
Do,8,JUN,2023,20:30,21:30,1.0,M36,m,2
Fr,9,JUN,2023,12:00,13:00,1.0,F44,f,1
Fr,9,JUN,2023,12:00,13:00,1.0,F44,f,2
Fr,9,JUN,2023,14:00,15:00,1.0,M33,m,1
Fr,9,JUN,2023,14:00,15:00,1.0,M33,m,2
Fr,9,JUN,2023,20:00,21:00,1.0,F45,f,1
Fr,9,JUN,2023,20:00,21:00,1.0,F45,f,2
Fr,9,JUN,2023,22:00,23:00,1.0,F15,f,1
Fr,9,JUN,2023,22:00,23:00,1.0,F15,f,2
Sa,10,JUN,2023,12:45,13:45,1.0,F42,f,1
Sa,10,JUN,2023,16:15,17:15,1.0,M7,m,2
Sa,10,JUN,2023,19:00,20:00,1.0,F9,f,1
Sa,10,JUN,2023,19:00,20:00,1.0,F9,f,2
So,11,JUN,2023,18:45,19:45,1.0,F27,f,1
So,11,JUN,2023,18:45,19:45,1.0,F27,f,2
So,11,JUN,2023,20:30,21:30,1.0,F41,f,1
So,11,JUN,2023,20:30,21:30,1.0,F41,f,2
Mo,12,JUN,2023,9:30,10:30,1.0,M17,m,1
Mo,12,JUN,2023,9:30,10:30,1.0,M17,m,2
Mo,12,JUN,2023,12:00,14:00,2.0,M20,m,1
Mo,12,JUN,2023,12:00,14:00,2.0,M20,m,2
Mo,12,JUN,2023,15:00,16:00,1.0,F23,f,1
Mo,12,JUN,2023,15:00,16:00,1.0,F23,f,2
Mo,12,JUN,2023,16:00,17:00,1.0,F16,f,1
Mo,12,JUN,2023,17:15,18:15,1.0,M28,m,1
Mo,12,JUN,2023,17:30,18:30,1.0,F39,f,2
Mo,12,JUN,2023,19:00,20:00,1.0,F34,f,1
Mo,12,JUN,2023,19:00,20:00,1.0,F34,f,2
Mo,12,JUN,2023,20:30,21:30,1.0,M7,m,1
Mo,12,JUN,2023,20:30,21:30,1.0,M7,m,2
Di,13,JUN,2023,8:30,9:30,1.0,F37,f,2
Di,13,JUN,2023,10:15,11:15,1.0,F46,f,1
Di,13,JUN,2023,21:00,22:00,1.0,F42,f,1
Mi,14,JUN,2023,17:00,18:00,1.0,F8,f,1
Mi,14,JUN,2023,17:00,18:00,1.0,F8,f,2
Mi,14,JUN,2023,18:00,19:00,1.0,M11,m,1
Mi,14,JUN,2023,18:00,19:00,1.0,M11,m,2
Mi,14,JUN,2023,19:00,20:00,1.0,F23,f,1
Mi,14,JUN,2023,19:00,20:00,1.0,F23,f,2
Do,15,JUN,2023,7:00,10:00,3.0,Putzfrau,f,1
Do,15,JUN,2023,7:00,10:00,3.0,Putzfrau,f,2
Do,15,JUN,2023,10:00,11:00,1.0,F2,f,2
Do,15,JUN,2023,14:00,15:00,1.0,F47,f,1
Do,15,JUN,2023,15:30,16:30,1.0,M5,m,1
Do,15,JUN,2023,18:00,19:00,1.0,M10,m,1
Do,15,JUN,2023,18:00,19:00,1.0,M10,m,2
Do,15,JUN,2023,19:30,20:30,1.0,M7,m,2
Do,15,JUN,2023,20:30,21:30,1.0,M15,m,1
Fr,16,JUN,2023,8:30,9:30,1.0,F17,f,1
Fr,16,JUN,2023,8:30,9:30,1.0,F17,f,2
Fr,16,JUN,2023,9:30,10:30,1.0,F20,f,1
Fr,16,JUN,2023,9:30,10:30,1.0,F20,f,2
Fr,16,JUN,2023,10:30,11:30,1.0,F24,f,2
Sa,17,JUN,2023,11:00,12:00,1.0,M33,m,1
Sa,17,JUN,2023,11:00,12:00,1.0,M33,m,2
Sa,17,JUN,2023,15:00,16:00,1.0,F19,f,2
Sa,17,JUN,2023,16:00,17:00,1.0,M3,m,1
Sa,17,JUN,2023,16:00,17:00,1.0,M3,m,2
Sa,17,JUN,2023,17:00,18:00,1.0,M3,m,1
Sa,17,JUN,2023,17:00,18:00,1.0,M7,m,2
Sa,17,JUN,2023,18:00,19:30,1.5,M27,m,1
Sa,17,JUN,2023,18:00,19:30,1.5,M27,m,2
Sa,17,JUN,2023,19:30,20:30,1.0,F21,f,1
So,18,JUN,2023,10:30,11:30,1.0,F33,f,1
So,18,JUN,2023,15:00,16:00,1.0,M16,m,1
So,18,JUN,2023,18:00,19:00,1.0,F14,f,1
So,18,JUN,2023,18:00,19:00,1.0,F14,f,2
Mo,19,JUN,2023,9:00,10:00,1.0,F16,f,1
Mo,19,JUN,2023,10:00,11:00,1.0,M13,m,1
Mo,19,JUN,2023,10:00,11:00,1.0,M13,m,2
Mo,19,JUN,2023,11:00,12:00,1.0,F2,f,2
Mo,19,JUN,2023,14:50,15:50,1.0,F35,f,1
Mo,19,JUN,2023,15:30,16:30,1.0,M1,m,2
Mo,19,JUN,2023,19:30,20:30,1.0,M7,m,1
Mo,19,JUN,2023,19:30,20:30,1.0,M7,m,2
Di,20,JUN,2023,9:15,10:15,1.0,F46,f,1
Di,20,JUN,2023,9:15,10:15,1.0,F46,f,2
Di,20,JUN,2023,11:00,12:00,1.0,M24,m,1
Di,20,JUN,2023,16:30,17:30,1.0,F15,f,1
Di,20,JUN,2023,16:30,17:30,1.0,F15,f,2
Di,20,JUN,2023,20:00,21:30,1.5,F30,f,1
Di,20,JUN,2023,20:00,21:30,1.5,F30,f,2
Di,20,JUN,2023,21:30,22:30,1.0,M30,m,1
Mi,21,JUN,2023,12:45,13:45,1.0,M2,m,1
Mi,21,JUN,2023,12:45,13:45,1.0,M2,m,2
Mi,21,JUN,2023,17:00,18:00,1.0,F23,f,1
Mi,21,JUN,2023,17:00,18:00,1.0,F23,f,2
Mi,21,JUN,2023,18:00,19:00,1.0,F12,f,1
Mi,21,JUN,2023,19:00,20:00,1.0,M17,m,1
Mi,21,JUN,2023,20:00,21:00,1.0,M13,m,1
Mi,21,JUN,2023,20:00,21:00,1.0,M13,m,2
Mi,21,JUN,2023,23:00,0:00,1.0,M15,m,1
Mi,21,JUN,2023,23:00,0:00,1.0,M15,m,2
Do,22,JUN,2023,7:00,10:00,3.0,Putzfrau,f,1
Do,22,JUN,2023,7:00,10:00,3.0,Putzfrau,f,2
Do,22,JUN,2023,10:30,11:30,1.0,M29,m,2
Do,22,JUN,2023,12:30,13:30,1.0,M24,m,2
Do,22,JUN,2023,14:00,15:00,1.0,F49,f,1
Do,22,JUN,2023,17:30,18:30,1.0,M20,m,1
Do,22,JUN,2023,17:30,18:30,1.0,M20,m,2
Do,22,JUN,2023,19:00,20:00,1.0,M5,m,1
Do,22,JUN,2023,20:15,21:30,1.25,F4,f,1
Do,22,JUN,2023,20:15,21:30,1.25,F4,f,2
Do,22,JUN,2023,21:30,22:30,1.0,F44,f,1
Do,22,JUN,2023,21:30,22:30,1.0,F44,f,2
Do,22,JUN,2023,22:30,23:30,1.0,M5,m,1
Fr,23,JUN,2023,11:00,12:00,1.0,F47,f,1
Fr,23,JUN,2023,11:00,12:00,1.0,F47,f,2
Fr,23,JUN,2023,14:00,15:30,1.5,M16,m,1
Fr,23,JUN,2023,14:00,15:30,1.5,M16,m,2
Fr,23,JUN,2023,15:30,16:30,1.0,F29,f,2
Fr,23,JUN,2023,16:30,17:30,1.0,F22,f,1
Fr,23,JUN,2023,17:30,19:00,1.5,F34,f,2
Sa,24,JUN,2023,11:00,12:00,1.0,M14,m,1
Sa,24,JUN,2023,14:30,15:30,1.0,F40,f,1
Sa,24,JUN,2023,14:30,15:30,1.0,F40,f,2
Sa,24,JUN,2023,15:30,16:30,1.0,F40,f,1
Sa,24,JUN,2023,15:30,16:30,1.0,F42,f,2
Sa,24,JUN,2023,16:30,17:30,1.0,F40,f,1
Sa,24,JUN,2023,17:30,18:30,1.0,F13,f,1
Sa,24,JUN,2023,17:30,18:30,1.0,F13,f,2
Sa,24,JUN,2023,18:40,19:40,1.0,M32,m,1
Sa,24,JUN,2023,18:40,19:40,1.0,M32,m,2
So,25,JUN,2023,9:30,11:30,2.0,F36,f,1
So,25,JUN,2023,9:30,11:30,2.0,F36,f,2
So,25,JUN,2023,11:30,12:30,1.0,M36,m,1
So,25,JUN,2023,11:30,12:30,1.0,M36,m,2
So,25,JUN,2023,12:30,13:30,1.0,F27,f,1
So,25,JUN,2023,12:30,13:30,1.0,F27,f,2
So,25,JUN,2023,14:00,15:00,1.0,F9,f,1
So,25,JUN,2023,14:00,15:00,1.0,F9,f,2
So,25,JUN,2023,18:00,19:00,1.0,M20,m,1
So,25,JUN,2023,18:30,19:30,1.0,F16,f,2
So,25,JUN,2023,19:00,20:00,1.0,F32,f,1
So,25,JUN,2023,19:30,20:30,1.0,F32,f,2
So,25,JUN,2023,21:00,22:00,1.0,U1,u,1
So,25,JUN,2023,22:00,23:00,1.0,M2,m,1
Mo,26,JUN,2023,14:00,15:00,1.0,M7,m,2
Mo,26,JUN,2023,16:30,17:30,1.0,F42,f,1
Mo,26,JUN,2023,21:00,22:00,1.0,F44,f,1
Di,27,JUN,2023,8:45,9:45,1.0,F46,f,1
Di,27,JUN,2023,12:00,13:00,1.0,F23,f,1
Di,27,JUN,2023,12:00,13:00,1.0,F23,f,2
Di,27,JUN,2023,13:30,14:30,1.0,M11,m,1
Di,27,JUN,2023,13:30,14:30,1.0,M11,m,2
Di,27,JUN,2023,14:30,15:30,1.0,F3,f,1
Di,27,JUN,2023,14:30,15:30,1.0,M19,m,2
Di,27,JUN,2023,15:30,16:30,1.0,M3,m,1
Di,27,JUN,2023,15:30,16:30,1.0,M3,m,2
Di,27,JUN,2023,19:00,20:00,1.0,M33,m,1
Di,27,JUN,2023,19:00,20:00,1.0,M33,m,2
Di,27,JUN,2023,20:00,21:00,1.0,F45,f,1
Di,27,JUN,2023,20:00,21:00,1.0,F45,f,2
Di,27,JUN,2023,21:00,22:00,1.0,M14,m,1
Di,27,JUN,2023,21:00,22:00,1.0,M14,m,2
Mi,28,JUN,2023,11:00,12:00,1.0,M33,m,1
Mi,28,JUN,2023,16:00,17:00,1.0,F37,f,1
Mi,28,JUN,2023,16:00,17:00,1.0,M1,m,2
Mi,28,JUN,2023,18:00,19:00,1.0,F25,f,1
Mi,28,JUN,2023,18:00,19:00,1.0,F25,f,2
Mi,28,JUN,2023,20:30,22:00,1.5,M28,m,1
Mi,28,JUN,2023,20:30,22:00,1.5,M28,m,2
Do,29,JUN,2023,7:00,10:00,3.0,Putzfrau,f,1
Do,29,JUN,2023,7:00,10:00,3.0,Putzfrau,f,2
Do,29,JUN,2023,11:00,12:00,1.0,M20,m,1
Do,29,JUN,2023,11:00,12:00,1.0,M20,m,2
Do,29,JUN,2023,12:00,13:00,1.0,F47,f,1
Do,29,JUN,2023,12:00,13:00,1.0,M29,m,2
Do,29,JUN,2023,14:00,15:00,1.0,F24,f,1
Do,29,JUN,2023,14:00,15:00,1.0,F24,f,2
Do,29,JUN,2023,20:45,21:45,1.0,F42,f,1
Fr,30,JUN,2023,15:00,16:00,1.0,M18,m,1
Sa,1,JUL,2023,10:15,11:15,1.0,F26,f,2
Sa,1,JUL,2023,11:30,12:30,1.0,M17,m,1
Sa,1,JUL,2023,11:30,12:30,1.0,M17,m,2
Sa,1,JUL,2023,14:00,15:00,1.0,F31,f,1
Sa,1,JUL,2023,14:00,15:00,1.0,F31,f,2
Sa,1,JUL,2023,18:30,19:30,1.0,F28,f,1
Sa,1,JUL,2023,20:00,21:00,1.0,M38,m,2
So,2,JUL,2023,9:00,10:00,1.0,F12,f,1
So,2,JUL,2023,10:00,11:00,1.0,F36,f,1
So,2,JUL,2023,10:00,11:00,1.0,F36,f,2
So,2,JUL,2023,11:30,12:30,1.0,M7,m,2
So,2,JUL,2023,14:00,15:00,1.0,F31,f,1
So,2,JUL,2023,14:00,15:00,1.0,F31,f,2
So,2,JUL,2023,15:00,16:00,1.0,M26,m,1
So,2,JUL,2023,18:30,19:30,1.0,M16,m,2
So,2,JUL,2023,19:00,20:00,1.0,F28,f,1
So,2,JUL,2023,20:00,21:00,1.0,F45,f,2
Mo,3,JUL,2023,10:00,11:00,1.0,F22,f,2
Mo,3,JUL,2023,11:45,12:45,1.0,F46,f,1
Mo,3,JUL,2023,17:00,18:00,1.0,M15,m,1
Mo,3,JUL,2023,17:00,18:00,1.0,M15,m,2
Mo,3,JUL,2023,21:00,22:00,1.0,M13,m,1
Mo,3,JUL,2023,21:00,22:00,1.0,M13,m,2
Di,4,JUL,2023,9:00,10:00,1.0,F16,f,1
Di,4,JUL,2023,10:00,11:00,1.0,M33,m,1
Di,4,JUL,2023,10:00,11:00,1.0,M33,m,2
Di,4,JUL,2023,16:00,17:00,1.0,M7,m,2
Di,4,JUL,2023,17:00,18:00,1.0,F27,f,1
Di,4,JUL,2023,19:00,20:00,1.0,F19,f,2
Di,4,JUL,2023,21:00,22:00,1.0,F44,f,2
Di,4,JUL,2023,22:00,23:00,1.0,F42,f,1
Mi,5,JUL,2023,11:00,12:00,1.0,M19,m,2
Mi,5,JUL,2023,15:30,17:00,1.5,F48,f,1
Mi,5,JUL,2023,15:30,17:00,1.5,F48,f,2
Mi,5,JUL,2023,17:00,18:00,1.0,F47,f,1
Mi,5,JUL,2023,19:00,20:00,1.0,F21,f,1
Mi,5,JUL,2023,21:30,23:00,1.5,M30,m,1
Mi,5,JUL,2023,21:30,23:00,1.5,M30,m,2
Do,6,JUL,2023,7:00,10:00,3.0,Putzfrau,f,1
Do,6,JUL,2023,7:00,10:00,3.0,Putzfrau,f,2
Do,6,JUL,2023,15:00,16:00,1.0,M1,m,2
Do,6,JUL,2023,16:45,17:45,1.0,F25,f,1
Do,6,JUL,2023,19:00,20:00,1.0,F21,f,1
Fr,7,JUL,2023,10:30,11:30,1.0,F1,f,1
Fr,7,JUL,2023,10:30,11:30,1.0,F1,f,2
Fr,7,JUL,2023,12:00,13:00,1.0,M5,m,1
Fr,7,JUL,2023,16:30,17:30,1.0,M3,m,1
Fr,7,JUL,2023,16:30,17:30,1.0,M3,m,2
Fr,7,JUL,2023,22:30,23:30,1.0,M7,m,1
Sa,8,JUL,2023,7:30,8:30,1.0,F34,f,1
Sa,8,JUL,2023,7:30,8:30,1.0,F34,f,2
Sa,8,JUL,2023,12:00,13:15,1.25,F14,f,1
Sa,8,JUL,2023,12:00,13:15,1.25,F14,f,2
Sa,8,JUL,2023,14:30,15:30,1.0,F9,f,1
So,9,JUL,2023,15:00,16:00,1.0,F33,f,1
So,9,JUL,2023,22:00,23:00,1.0,F36,f,1
So,9,JUL,2023,22:00,23:00,1.0,F36,f,2
Mo,10,JUL,2023,7:15,8:15,1.0,F32,f,1
Mo,10,JUL,2023,7:15,8:15,1.0,F32,f,2
Mo,10,JUL,2023,13:00,14:00,1.0,M19,m,1
Mo,10,JUL,2023,13:00,14:00,1.0,M7,m,2
Mo,10,JUL,2023,14:30,15:30,1.0,F47,f,1
Mo,10,JUL,2023,14:30,15:30,1.0,F47,f,2
Mo,10,JUL,2023,15:30,16:30,1.0,M20,m,1
Mo,10,JUL,2023,15:30,16:30,1.0,M20,m,2
Mo,10,JUL,2023,16:30,17:30,1.0,M10,m,2
Mo,10,JUL,2023,17:30,18:30,1.0,F16,f,1
Mo,10,JUL,2023,17:30,18:30,1.0,F16,f,2
Mo,10,JUL,2023,20:00,21:00,1.0,F13,f,1
Mo,10,JUL,2023,20:00,21:00,1.0,F13,f,2
Mo,10,JUL,2023,22:00,23:00,1.0,F36,f,1
Mo,10,JUL,2023,22:00,23:00,1.0,F36,f,2
Di,11,JUL,2023,10:00,12:00,2.0,F23,f,1
Di,11,JUL,2023,10:00,12:00,2.0,F23,f,2
Di,11,JUL,2023,12:00,13:00,1.0,F12,f,1
Di,11,JUL,2023,13:00,14:00,1.0,M11,m,1
Di,11,JUL,2023,13:00,14:00,1.0,M11,m,2
Di,11,JUL,2023,14:00,15:00,1.0,M24,m,1
Di,11,JUL,2023,15:00,16:00,1.0,M17,m,1
Di,11,JUL,2023,18:30,19:30,1.0,F45,f,1
Di,11,JUL,2023,18:30,19:30,1.0,F45,f,2
Di,11,JUL,2023,21:00,22:30,1.5,F15,f,1
Mi,12,JUL,2023,10:00,11:00,1.0,F31,f,1
Mi,12,JUL,2023,11:00,12:00,1.0,F20,f,1
Mi,12,JUL,2023,11:00,12:00,1.0,F20,f,2
Mi,12,JUL,2023,20:00,21:00,1.0,F41,f,1
Mi,12,JUL,2023,20:00,21:00,1.0,F41,f,2
Mi,12,JUL,2023,21:00,22:00,1.0,F42,f,1
Mi,12,JUL,2023,22:00,23:00,1.0,F36,f,1
Mi,12,JUL,2023,22:00,23:00,1.0,F36,f,2
Do,13,JUL,2023,7:00,10:00,3.0,Putzfrau,f,1
Do,13,JUL,2023,7:00,10:00,3.0,Putzfrau,f,2
Do,13,JUL,2023,14:00,15:00,1.0,M24,m,1
Do,13,JUL,2023,14:00,15:00,1.0,M24,m,2
Do,13,JUL,2023,15:00,16:00,1.0,M20,m,1
Do,13,JUL,2023,15:00,16:00,1.0,M20,m,2
Do,13,JUL,2023,16:00,17:00,1.0,M2,m,1
Do,13,JUL,2023,17:30,18:30,1.0,M1,m,2
Fr,14,JUL,2023,9:00,10:00,1.0,F46,f,1
Fr,14,JUL,2023,9:00,10:00,1.0,F46,f,2
Fr,14,JUL,2023,15:00,16:00,1.0,F22,f,2
Fr,14,JUL,2023,20:00,22:00,2.0,F35,f,1
Sa,15,JUL,2023,8:00,10:00,2.0,M33,m,1
Sa,15,JUL,2023,8:00,9:00,1.0,M33,m,2
Sa,15,JUL,2023,10:15,13:20,3.08,F31,f,1
Sa,15,JUL,2023,12:20,13:20,1.0,F31,f,2
Sa,15,JUL,2023,15:30,16:30,1.0,F38,f,1
Sa,15,JUL,2023,17:30,18:30,1.0,F27,f,1
So,16,JUL,2023,10:00,11:00,1.0,F40,f,1
So,16,JUL,2023,10:00,11:00,1.0,F40,f,2
So,16,JUL,2023,16:30,17:30,1.0,M36,m,1
So,16,JUL,2023,16:30,17:30,1.0,M36,m,2
So,16,JUL,2023,18:30,19:30,1.0,M5,m,1
Mo,17,JUL,2023,15:00,16:00,1.0,F6,f,2
Mo,17,JUL,2023,18:30,19:30,1.0,F42,f,1
Mo,17,JUL,2023,20:00,21:00,1.0,M7,m,1
Mo,17,JUL,2023,21:00,22:00,1.0,F43,f,2
Mo,17,JUL,2023,22:00,23:00,1.0,M28,m,1
Mo,17,JUL,2023,22:00,23:00,1.0,M28,m,2
Di,18,JUL,2023,11:30,12:30,1.0,F26,f,2
Di,18,JUL,2023,17:00,18:00,1.0,F19,f,1
Mi,19,JUL,2023,11:30,12:30,1.0,F47,f,1
Mi,19,JUL,2023,15:00,16:00,1.0,M20,m,1
Mi,19,JUL,2023,15:00,16:00,1.0,M20,m,2
Mi,19,JUL,2023,16:00,17:00,1.0,F28,f,1
Mi,19,JUL,2023,20:00,21:00,1.0,M11,m,1
Mi,19,JUL,2023,20:00,21:00,1.0,M11,m,2
Mi,19,JUL,2023,21:00,22:00,1.0,M19,m,2
Mi,19,JUL,2023,22:00,23:00,1.0,F30,f,1
Mi,19,JUL,2023,22:00,23:00,1.0,F30,f,2
Do,20,JUL,2023,7:00,10:00,3.0,Putzfrau,f,1
Do,20,JUL,2023,7:00,10:00,3.0,Putzfrau,f,2
Do,20,JUL,2023,10:00,11:00,1.0,F50,f,1
Do,20,JUL,2023,10:00,11:00,1.0,F50,f,2
Do,20,JUL,2023,13:00,15:00,2.0,F23,f,1
Do,20,JUL,2023,13:00,15:00,2.0,F23,f,2
Do,20,JUL,2023,17:00,18:00,1.0,M19,m,2
Do,20,JUL,2023,18:00,19:00,1.0,M17,m,1
Fr,21,JUL,2023,9:30,10:30,1.0,F44,f,1
Fr,21,JUL,2023,9:30,10:30,1.0,F44,f,2
Fr,21,JUL,2023,11:30,12:30,1.0,M15,m,1
Fr,21,JUL,2023,11:30,12:30,1.0,M15,m,2
Fr,21,JUL,2023,15:00,16:00,1.0,F50,f,1
Fr,21,JUL,2023,15:00,16:00,1.0,F50,f,2
Fr,21,JUL,2023,16:00,17:00,1.0,F36,f,1
Fr,21,JUL,2023,16:30,17:30,1.0,F42,f,2
Fr,21,JUL,2023,20:00,21:00,1.0,M7,m,2
Fr,21,JUL,2023,22:30,23:30,1.0,F36,f,1
Fr,21,JUL,2023,22:30,23:30,1.0,F36,f,2
Sa,22,JUL,2023,9:30,10:30,1.0,F46,f,1
Sa,22,JUL,2023,11:00,12:00,1.0,M32,m,1
Sa,22,JUL,2023,11:00,12:00,1.0,M32,m,2
Sa,22,JUL,2023,13:00,14:00,1.0,F24,f,1
Sa,22,JUL,2023,13:00,14:00,1.0,F24,f,2
Sa,22,JUL,2023,16:45,17:45,1.0,F31,f,2
Sa,22,JUL,2023,18:30,19:30,1.0,F9,f,1
Sa,22,JUL,2023,18:30,19:30,1.0,F9,f,2
Sa,22,JUL,2023,19:30,20:30,1.0,F16,f,1
Sa,22,JUL,2023,19:30,20:30,1.0,F13,f,2
Sa,22,JUL,2023,21:00,22:00,1.0,F33,f,1
Sa,22,JUL,2023,22:00,23:00,1.0,M7,m,1
Sa,22,JUL,2023,22:00,23:00,1.0,M7,m,2
So,23,JUL,2023,10:00,11:00,1.0,F23,f,1
So,23,JUL,2023,10:00,11:00,1.0,F23,f,2
So,23,JUL,2023,13:00,14:00,1.0,M33,m,2
So,23,JUL,2023,14:00,15:00,1.0,M16,m,1
So,23,JUL,2023,14:30,15:30,1.0,M7,m,2
So,23,JUL,2023,18:25,19:25,1.0,M37,m,2
So,23,JUL,2023,20:00,21:00,1.0,F27,f,1
So,23,JUL,2023,20:00,21:00,1.0,F27,f,2
Mo,24,JUL,2023,11:30,12:30,1.0,F29,f,2
Mo,24,JUL,2023,12:30,13:30,1.0,M1,m,2
Mo,24,JUL,2023,14:00,15:00,1.0,M2,m,1
Mo,24,JUL,2023,14:00,15:00,1.0,M2,m,2
Mo,24,JUL,2023,19:00,20:00,1.0,M7,m,2
Mo,24,JUL,2023,19:30,21:30,2.0,F4,f,1
Mo,24,JUL,2023,20:00,21:30,1.5,F4,f,2
Di,25,JUL,2023,8:30,9:30,1.0,F12,f,1
Di,25,JUL,2023,9:30,10:30,1.0,F15,f,1
Di,25,JUL,2023,9:30,10:30,1.0,F15,f,2
Di,25,JUL,2023,13:20,14:20,1.0,M37,m,2
Di,25,JUL,2023,14:30,16:30,2.0,M13,m,1
Di,25,JUL,2023,14:30,16:30,2.0,M13,m,2
Di,25,JUL,2023,16:30,17:30,1.0,F3,f,2
Di,25,JUL,2023,17:30,18:30,1.0,M5,m,1
Mi,26,JUL,2023,15:30,17:30,2.0,F20,f,1
Mi,26,JUL,2023,15:30,17:30,2.0,F20,f,2
Mi,26,JUL,2023,18:00,19:00,1.0,F8,f,1
Mi,26,JUL,2023,20:45,22:00,1.25,M30,m,1
Mi,26,JUL,2023,22:00,23:00,1.0,F30,f,1
Mi,26,JUL,2023,22:00,23:00,1.0,F30,f,2
Do,27,JUL,2023,7:00,10:00,3.0,Putzfrau,f,1
Do,27,JUL,2023,7:00,10:00,3.0,Putzfrau,f,2
Do,27,JUL,2023,12:00,13:00,1.0,M18,m,1
Do,27,JUL,2023,17:00,18:00,1.0,M3,m,1
Do,27,JUL,2023,17:00,18:00,1.0,M3,m,2
Do,27,JUL,2023,18:30,19:30,1.0,F44,f,1
Do,27,JUL,2023,18:30,19:30,1.0,F44,f,2
Do,27,JUL,2023,21:30,22:30,1.0,F14,f,1
Do,27,JUL,2023,21:30,22:30,1.0,F14,f,2
Fr,28,JUL,2023,10:00,11:00,1.0,F47,f,1
Fr,28,JUL,2023,10:00,11:00,1.0,F47,f,2
Fr,28,JUL,2023,11:00,12:00,1.0,M20,m,1
Fr,28,JUL,2023,11:00,12:00,1.0,M20,m,2
Fr,28,JUL,2023,14:30,16:30,2.0,M17,m,2
Fr,28,JUL,2023,15:00,16:00,1.0,F42,f,1
Fr,28,JUL,2023,16:45,17:45,1.0,F30,f,1
Fr,28,JUL,2023,16:45,17:45,1.0,F30,f,2
Fr,28,JUL,2023,18:00,19:00,1.0,M17,m,2
Sa,29,JUL,2023,9:15,10:15,1.0,M39,m,1
Sa,29,JUL,2023,10:00,11:00,1.0,F31,f,2
Sa,29,JUL,2023,14:00,15:00,1.0,M39,m,1
Sa,29,JUL,2023,14:00,15:00,1.0,M39,m,2
Sa,29,JUL,2023,20:30,21:30,1.0,M7,m,2
Sa,29,JUL,2023,21:30,22:30,1.0,F21,f,1
Sa,29,JUL,2023,21:30,22:30,1.0,F21,f,2
So,30,JUL,2023,9:30,10:30,1.0,M36,m,2
So,30,JUL,2023,12:00,13:00,1.0,F31,f,1
So,30,JUL,2023,15:15,16:15,1.0,M7,m,2
So,30,JUL,2023,16:00,17:00,1.0,M16,m,1
So,30,JUL,2023,20:00,21:00,1.0,F19,f,1
Mo,31,JUL,2023,11:00,12:00,1.0,F34,f,1
Mo,31,JUL,2023,11:00,12:00,1.0,F34,f,2
Mo,31,JUL,2023,12:00,13:00,1.0,M20,m,1
Mo,31,JUL,2023,12:00,13:00,1.0,M20,m,2
Mo,31,JUL,2023,18:00,19:00,1.0,F36,f,1
Mo,31,JUL,2023,18:00,19:00,1.0,F36,f,2
Mo,31,JUL,2023,19:00,20:00,1.0,F23,f,1
Mo,31,JUL,2023,19:00,20:00,1.0,F23,f,2
Di,1,AUG,2023,16:00,17:00,1.0,M22,m,2
Di,1,AUG,2023,16:15,17:15,1.0,F42,f,1
Di,1,AUG,2023,19:00,20:00,1.0,F47,f,1
Di,1,AUG,2023,20:00,21:00,1.0,F45,f,1
Mi,2,AUG,2023,10:30,12:30,2.0,F48,f,1
Mi,2,AUG,2023,10:30,12:30,2.0,F48,f,2
Mi,2,AUG,2023,14:00,15:00,1.0,M11,m,1
Mi,2,AUG,2023,14:00,15:00,1.0,M11,m,2
Mi,2,AUG,2023,15:00,16:00,1.0,F25,f,1
Mi,2,AUG,2023,15:00,16:00,1.0,F25,f,2
Mi,2,AUG,2023,16:00,17:00,1.0,M24,m,1
Mi,2,AUG,2023,16:00,17:00,1.0,F29,f,2
Mi,2,AUG,2023,17:00,18:00,1.0,F27,f,2
Mi,2,AUG,2023,19:00,20:00,1.0,F28,f,2
Mi,2,AUG,2023,19:15,20:15,1.0,M30,m,1
Do,3,AUG,2023,7:00,10:00,3.0,Putzfrau,f,1
Do,3,AUG,2023,7:00,10:00,3.0,Putzfrau,f,2
Do,3,AUG,2023,14:30,15:30,1.0,M34,m,1
Do,3,AUG,2023,18:30,19:30,1.0,M3,m,1
Do,3,AUG,2023,18:30,19:30,1.0,M3,m,2
Do,3,AUG,2023,19:30,20:30,1.0,F4,f,2
Fr,4,AUG,2023,9:00,10:00,1.0,F32,f,1
Fr,4,AUG,2023,9:00,10:00,1.0,F32,f,2
Fr,4,AUG,2023,10:30,11:30,1.0,M7,m,1
Fr,4,AUG,2023,10:30,11:30,1.0,M7,m,2
Fr,4,AUG,2023,11:30,12:30,1.0,F13,f,1
Fr,4,AUG,2023,11:30,12:30,1.0,F13,f,2
Fr,4,AUG,2023,12:30,13:30,1.0,F21,f,1
Sa,5,AUG,2023,10:00,12:00,2.0,F31,f,1
Sa,5,AUG,2023,10:00,12:00,2.0,F31,f,2
Sa,5,AUG,2023,13:30,14:30,1.0,F33,f,1
Sa,5,AUG,2023,18:00,19:00,1.0,M33,m,1
Sa,5,AUG,2023,18:00,19:00,1.0,M33,m,2
So,6,AUG,2023,12:00,13:00,1.0,F16,f,1
So,6,AUG,2023,12:00,13:00,1.0,F16,f,2
So,6,AUG,2023,13:00,15:00,2.0,F31,f,1
So,6,AUG,2023,13:00,14:00,1.0,M7,m,2
So,6,AUG,2023,14:00,15:00,1.0,F31,f,2
So,6,AUG,2023,17:30,18:30,1.0,M2,m,1
Mo,7,AUG,2023,16:30,17:30,1.0,F19,f,1
Mo,7,AUG,2023,18:15,19:15,1.0,M19,m,2
Di,8,AUG,2023,12:00,13:00,1.0,M7,m,1
Di,8,AUG,2023,14:30,15:30,1.0,F15,f,1
Di,8,AUG,2023,14:30,15:30,1.0,F15,f,2
Di,8,AUG,2023,18:00,19:00,1.0,F23,f,1
Di,8,AUG,2023,18:00,19:00,1.0,F23,f,2
Mi,9,AUG,2023,12:30,13:30,1.0,F13,f,1
Mi,9,AUG,2023,12:30,13:30,1.0,F13,f,2
Mi,9,AUG,2023,15:00,16:00,1.0,M1,m,2
Mi,9,AUG,2023,16:30,17:30,1.0,M28,m,1
Mi,9,AUG,2023,16:30,17:30,1.0,M28,m,2
Do,10,AUG,2023,7:00,10:00,3.0,Putzfrau,f,1
Do,10,AUG,2023,7:00,10:00,3.0,Putzfrau,f,2
Do,10,AUG,2023,14:00,15:00,1.0,F13,f,1
Do,10,AUG,2023,14:00,15:00,1.0,F13,f,2
Do,10,AUG,2023,17:00,18:00,1.0,M5,m,1
Do,10,AUG,2023,17:00,18:00,1.0,M5,m,2
Do,10,AUG,2023,18:00,20:00,2.0,F36,f,1
Do,10,AUG,2023,18:00,20:00,2.0,F36,f,2
Fr,11,AUG,2023,9:00,10:00,1.0,F46,f,1
Fr,11,AUG,2023,10:30,11:30,1.0,F41,f,1
Fr,11,AUG,2023,10:30,11:30,1.0,F41,f,2
Fr,11,AUG,2023,14:00,15:00,1.0,F31,f,1
Fr,11,AUG,2023,14:00,15:00,1.0,F31,f,2
Fr,11,AUG,2023,17:30,18:30,1.0,F28,f,2
Fr,11,AUG,2023,18:00,19:00,1.0,F51,f,1
Fr,11,AUG,2023,18:30,19:30,1.0,F16,f,2
Sa,12,AUG,2023,12:00,13:00,1.0,M33,m,1
Sa,12,AUG,2023,12:00,13:00,1.0,M33,m,2
Sa,12,AUG,2023,17:00,18:00,1.0,F23,f,1
Sa,12,AUG,2023,17:00,18:00,1.0,F23,f,2
So,13,AUG,2023,19:30,20:30,1.0,M2,m,1
So,13,AUG,2023,19:30,20:30,1.0,M2,m,2
Mo,14,AUG,2023,10:00,11:45,1.75,F9,f,1
Mo,14,AUG,2023,10:00,11:45,1.75,F9,f,2
Di,15,AUG,2023,9:00,11:00,2.0,M40,m,2
Di,15,AUG,2023,11:00,12:00,1.0,M17,m,1
Di,15,AUG,2023,11:00,12:00,1.0,M17,m,2
Di,15,AUG,2023,13:00,14:00,1.0,M7,m,2
Mi,16,AUG,2023,10:30,11:30,1.0,F34,f,1
Mi,16,AUG,2023,19:00,20:00,1.0,F42,f,1
Mi,16,AUG,2023,20:30,21:30,1.0,F4,f,1
Mi,16,AUG,2023,20:30,21:30,1.0,F4,f,2
Mi,16,AUG,2023,21:30,22:30,1.0,M7,m,2
Do,17,AUG,2023,0:00,1:00,1.0,M15,m,1
Do,17,AUG,2023,0:00,1:00,1.0,M15,m,2
Do,17,AUG,2023,7:00,10:00,3.0,Putzfrau,f,1
Do,17,AUG,2023,7:00,10:00,3.0,Putzfrau,f,2
Do,17,AUG,2023,12:30,13:30,1.0,F13,f,1
Do,17,AUG,2023,12:30,13:30,1.0,F13,f,2
Do,17,AUG,2023,14:00,15:00,1.0,M3,m,1
Do,17,AUG,2023,14:00,15:00,1.0,M3,m,2
Do,17,AUG,2023,22:00,23:00,1.0,F42,f,1
Do,17,AUG,2023,22:00,23:00,1.0,F42,f,2
Fr,18,AUG,2023,8:45,9:45,1.0,F24,f,1
Fr,18,AUG,2023,20:00,21:00,1.0,M33,m,1
Fr,18,AUG,2023,20:00,21:00,1.0,M33,m,2
Fr,18,AUG,2023,21:00,22:00,1.0,F31,f,1
Fr,18,AUG,2023,21:00,22:00,1.0,F31,f,2
Sa,19,AUG,2023,10:00,11:00,1.0,F3,f,1
Sa,19,AUG,2023,10:00,11:00,1.0,F3,f,2
Sa,19,AUG,2023,14:00,15:00,1.0,M7,m,2
Sa,19,AUG,2023,15:30,16:30,1.0,F26,f,2
So,20,AUG,2023,8:30,9:30,1.0,M40,m,2
So,20,AUG,2023,13:00,14:00,1.0,M7,m,1
So,20,AUG,2023,14:00,15:00,1.0,F16,f,1
So,20,AUG,2023,21:00,22:00,1.0,F30,f,1
So,20,AUG,2023,21:00,22:00,1.0,F30,f,2
Di,22,AUG,2023,12:30,13:30,1.0,F27,f,1
Mi,23,AUG,2023,10:00,11:00,1.0,F23,f,1
Mi,23,AUG,2023,10:00,11:00,1.0,F23,f,2
Mi,23,AUG,2023,14:45,15:45,1.0,M2,m,1
Mi,23,AUG,2023,17:00,18:00,1.0,F44,f,1
Mi,23,AUG,2023,20:00,21:00,1.0,F45,f,2
Do,24,AUG,2023,7:00,10:00,3.0,Putzfrau,f,1
Do,24,AUG,2023,7:00,10:00,3.0,Putzfrau,f,2
Do,24,AUG,2023,16:00,17:00,1.0,M1,m,1
Do,24,AUG,2023,22:30,23:45,1.25,F35,f,1
Do,24,AUG,2023,22:30,23:45,1.25,F35,f,2
Fr,25,AUG,2023,9:00,10:00,1.0,M40,m,2
Fr,25,AUG,2023,12:00,13:00,1.0,F24,f,1
Fr,25,AUG,2023,12:00,13:00,1.0,F24,f,2
Fr,25,AUG,2023,14:00,15:00,1.0,F21,f,1
Fr,25,AUG,2023,16:20,17:20,1.0,M32,m,1
Fr,25,AUG,2023,16:20,17:20,1.0,M32,m,2
Fr,25,AUG,2023,20:00,21:00,1.0,M7,m,1
Fr,25,AUG,2023,20:00,21:00,1.0,M7,m,2
Sa,26,AUG,2023,9:00,10:00,1.0,F51,f,1
Sa,26,AUG,2023,9:00,10:00,1.0,F51,f,2
Sa,26,AUG,2023,10:00,11:00,1.0,F51,f,1
Sa,26,AUG,2023,11:00,12:00,1.0,M7,m,1
Sa,26,AUG,2023,11:00,12:00,1.0,M7,m,2
Sa,26,AUG,2023,15:00,17:00,2.0,F36,f,1
Sa,26,AUG,2023,15:00,17:00,2.0,F36,f,2
Sa,26,AUG,2023,17:00,18:00,1.0,M7,m,2
Sa,26,AUG,2023,18:00,19:00,1.0,F42,f,1
So,27,AUG,2023,11:00,12:00,1.0,U2,u,1
So,27,AUG,2023,11:00,12:00,1.0,U2,u,2
So,27,AUG,2023,18:00,19:00,1.0,M16,m,1
So,27,AUG,2023,18:00,19:00,1.0,M16,m,2
So,27,AUG,2023,21:00,22:00,1.0,M7,m,1
So,27,AUG,2023,21:00,22:00,1.0,M7,m,2
Mo,28,AUG,2023,11:30,12:30,1.0,F1,f,2
Mo,28,AUG,2023,14:00,15:00,1.0,M3,m,1
Mo,28,AUG,2023,14:00,15:00,1.0,M3,m,2
Di,29,AUG,2023,12:00,13:00,1.0,F42,f,1
Di,29,AUG,2023,14:00,16:00,2.0,F23,f,1
Di,29,AUG,2023,14:00,16:00,2.0,F23,f,2
Mi,30,AUG,2023,16:00,18:00,2.0,M33,m,1
Mi,30,AUG,2023,16:00,18:00,2.0,M33,m,2
Mi,30,AUG,2023,18:00,19:00,1.0,F28,f,1
Do,31,AUG,2023,7:00,10:00,3.0,Putzfrau,f,1
Do,31,AUG,2023,7:00,10:00,3.0,Putzfrau,f,2
Do,31,AUG,2023,17:45,18:45,1.0,F28,f,1
Do,31,AUG,2023,20:00,21:00,1.0,M7,m,1
Do,31,AUG,2023,20:00,21:00,1.0,M7,m,2
Do,31,AUG,2023,21:00,22:00,1.0,M11,m,1
Do,31,AUG,2023,21:00,22:00,1.0,M11,m,2
Do,31,AUG,2023,22:00,23:00,1.0,F45,f,1
Fr,1,SEP,2023,17:15,18:15,1.0,F42,f,1
Fr,1,SEP,2023,20:00,21:00,1.0,F21,f,1
Sa,2,SEP,2023,7:00,8:00,1.0,M2,m,1
Sa,2,SEP,2023,7:00,8:00,1.0,M2,m,2
Sa,2,SEP,2023,8:00,9:00,1.0,F16,f,1
Sa,2,SEP,2023,8:00,9:00,1.0,F16,f,2
Sa,2,SEP,2023,13:30,14:30,1.0,M7,m,2
So,3,SEP,2023,10:00,11:00,1.0,M40,m,2
So,3,SEP,2023,14:30,15:30,1.0,M16,m,1
So,3,SEP,2023,14:30,15:30,1.0,M16,m,2
So,3,SEP,2023,18:00,19:00,1.0,M40,m,2
Mo,4,SEP,2023,12:30,13:30,1.0,M2,m,2
Mo,4,SEP,2023,14:00,15:00,1.0,F29,f,2
Mo,4,SEP,2023,18:00,19:00,1.0,F28,f,1
Mo,4,SEP,2023,18:45,19:45,1.0,F33,f,2
Mo,4,SEP,2023,20:00,21:00,1.0,M33,m,1
Mo,4,SEP,2023,20:00,21:00,1.0,M33,m,2
Di,5,SEP,2023,10:30,11:30,1.0,F29,f,2
Di,5,SEP,2023,13:30,14:30,1.0,M7,m,2
Di,5,SEP,2023,15:00,16:00,1.0,F31,f,1
Mi,6,SEP,2023,9:45,10:45,1.0,F26,f,2
Mi,6,SEP,2023,13:30,14:30,1.0,F42,f,1
Mi,6,SEP,2023,13:30,14:30,1.0,F42,f,2
Mi,6,SEP,2023,15:30,16:30,1.0,M1,m,2
Mi,6,SEP,2023,19:00,20:00,1.0,M7,m,2
Do,7,SEP,2023,7:00,10:00,3.0,Putzfrau,f,1
Do,7,SEP,2023,7:00,10:00,3.0,Putzfrau,f,2
Fr,8,SEP,2023,8:00,9:00,1.0,M36,m,1
Fr,8,SEP,2023,8:00,9:00,1.0,M36,m,2
Fr,8,SEP,2023,13:00,14:00,1.0,M3,m,1
Fr,8,SEP,2023,13:00,14:00,1.0,M3,m,2
Fr,8,SEP,2023,14:00,15:00,1.0,F3,f,1
Fr,8,SEP,2023,14:00,15:00,1.0,F3,f,2
Fr,8,SEP,2023,15:00,16:00,1.0,M19,m,2
Fr,8,SEP,2023,17:00,18:00,1.0,F6,f,2
Fr,8,SEP,2023,20:00,21:00,1.0,F4,f,1
Fr,8,SEP,2023,20:00,21:00,1.0,F4,f,2
Fr,8,SEP,2023,21:00,22:00,1.0,F31,f,1
Sa,9,SEP,2023,14:00,15:00,1.0,M40,m,2
Sa,9,SEP,2023,14:30,15:30,1.0,F51,f,1
Sa,9,SEP,2023,20:45,21:45,1.0,M7,m,1
Sa,9,SEP,2023,20:45,21:45,1.0,M7,m,2
So,10,SEP,2023,14:30,16:30,2.0,M7,m,2
Mo,11,SEP,2023,18:00,19:00,1.0,F9,f,1
Mo,11,SEP,2023,18:00,19:00,1.0,F9,f,2
Di,12,SEP,2023,13:30,14:30,1.0,M16,m,2
Mi,13,SEP,2023,10:00,11:00,1.0,F23,f,1
Mi,13,SEP,2023,10:00,11:00,1.0,F23,f,2
Mi,13,SEP,2023,12:00,13:00,1.0,M11,m,2
Mi,13,SEP,2023,16:00,17:00,1.0,M1,m,2
Mi,13,SEP,2023,19:00,20:30,1.5,F28,f,2
Do,14,SEP,2023,7:00,10:00,3.0,Putzfrau,f,1
Do,14,SEP,2023,7:00,10:00,3.0,Putzfrau,f,2
Do,14,SEP,2023,17:30,18:30,1.0,F15,f,1
Do,14,SEP,2023,17:30,18:30,1.0,F15,f,2
Fr,15,SEP,2023,8:00,9:00,1.0,M33,m,1
Fr,15,SEP,2023,8:00,9:00,1.0,M33,m,2
Fr,15,SEP,2023,10:00,11:00,1.0,U2,u,2
Fr,15,SEP,2023,10:30,11:30,1.0,F33,f,1
Fr,15,SEP,2023,15:00,16:00,1.0,F31,f,1
Fr,15,SEP,2023,19:00,20:00,1.0,F42,f,1
Sa,16,SEP,2023,21:45,22:45,1.0,M7,m,1
So,17,SEP,2023,9:45,10:45,1.0,M36,m,2
So,17,SEP,2023,12:30,13:30,1.0,F51,f,1
So,17,SEP,2023,15:30,16:30,1.0,F18,f,1
Mo,18,SEP,2023,19:30,20:30,1.0,F47,f,1
Mo,18,SEP,2023,21:30,22:30,1.0,M7,m,2
Di,19,SEP,2023,13:00,14:00,1.0,F31,f,1
Di,19,SEP,2023,13:00,14:00,1.0,F31,f,2
Di,19,SEP,2023,14:00,15:00,1.0,F31,f,1
Mi,20,SEP,2023,9:45,10:45,1.0,F1,f,2
Mi,20,SEP,2023,17:00,18:00,1.0,F33,f,1
Mi,20,SEP,2023,18:30,19:30,1.0,F16,f,1
Mi,20,SEP,2023,18:30,19:30,1.0,F16,f,2
Do,21,SEP,2023,7:00,10:00,3.0,Putzfrau,f,1
Do,21,SEP,2023,7:00,10:00,3.0,Putzfrau,f,2
Do,21,SEP,2023,11:00,12:00,1.0,F23,f,1
Do,21,SEP,2023,11:00,12:00,1.0,F23,f,2
Do,21,SEP,2023,20:00,21:00,1.0,M7,m,1
Fr,22,SEP,2023,10:00,11:00,1.0,F52,f,1
Fr,22,SEP,2023,10:00,11:00,1.0,F52,f,2
Fr,22,SEP,2023,22:00,23:00,1.0,F31,f,1
Sa,23,SEP,2023,9:00,10:00,1.0,M17,m,1
Sa,23,SEP,2023,9:30,10:30,1.0,F47,f,2
So,24,SEP,2023,17:45,18:45,1.0,M11,m,1
So,24,SEP,2023,17:45,18:45,1.0,M11,m,2
Mo,25,SEP,2023,18:30,20:30,2.0,M39,m,1
Mo,25,SEP,2023,18:30,20:30,2.0,M39,m,2
Mo,25,SEP,2023,21:00,22:00,1.0,M7,m,1
Mo,25,SEP,2023,22:00,23:00,1.0,F15,f,1
Mo,25,SEP,2023,22:00,23:00,1.0,F15,f,2
Di,26,SEP,2023,16:30,17:30,1.0,F44,f,1
Di,26,SEP,2023,16:30,17:30,1.0,F44,f,2
Di,26,SEP,2023,17:30,18:30,1.0,M1,m,2
Di,26,SEP,2023,19:00,20:00,1.0,F51,f,1
Di,26,SEP,2023,20:00,21:00,1.0,F45,f,2
Mi,27,SEP,2023,9:00,10:00,1.0,F46,f,1
Mi,27,SEP,2023,20:00,21:00,1.0,M15,m,1
Mi,27,SEP,2023,20:00,21:00,1.0,M15,m,2
Do,28,SEP,2023,7:00,10:00,3.0,Putzfrau,f,1
Do,28,SEP,2023,7:00,10:00,3.0,Putzfrau,f,2
Do,28,SEP,2023,10:30,12:00,1.5,M33,m,1
Do,28,SEP,2023,10:30,12:00,1.5,M33,m,2
Do,28,SEP,2023,12:00,13:00,1.0,F23,f,1
Do,28,SEP,2023,12:00,13:00,1.0,F23,f,2
Do,28,SEP,2023,17:00,18:00,1.0,F51,f,1
Do,28,SEP,2023,19:30,20:30,1.0,F52,f,1
Do,28,SEP,2023,20:30,21:30,1.0,F21,f,1
Fr,29,SEP,2023,17:00,18:00,1.0,F47,f,1
Fr,29,SEP,2023,17:00,18:00,1.0,F47,f,2
Sa,30,SEP,2023,8:30,9:30,1.0,M36,m,1
Sa,30,SEP,2023,8:30,9:30,1.0,M36,m,2
So,1,OKT,2023,11:15,12:15,1.0,M36,m,1
So,1,OKT,2023,14:00,15:00,1.0,M7,m,1
So,1,OKT,2023,14:00,15:00,1.0,M7,m,2
So,1,OKT,2023,15:00,16:00,1.0,F18,f,1
So,1,OKT,2023,15:00,16:00,1.0,F18,f,2
So,1,OKT,2023,16:00,17:00,1.0,M33,m,1
So,1,OKT,2023,16:00,17:00,1.0,M33,m,2
So,1,OKT,2023,17:00,18:00,1.0,F23,f,2
Mo,2,OKT,2023,13:30,14:30,1.0,F3,f,1
Mo,2,OKT,2023,13:30,14:30,1.0,F3,f,2
Mo,2,OKT,2023,17:30,18:30,1.0,F45,f,2
Di,3,OKT,2023,10:45,11:45,1.0,F53,f,1
Di,3,OKT,2023,10:45,11:45,1.0,F53,f,2
Di,3,OKT,2023,14:00,15:00,1.0,F9,f,1
Di,3,OKT,2023,14:00,15:00,1.0,F9,f,2
Di,3,OKT,2023,21:00,22:00,1.0,F53,f,1
Di,3,OKT,2023,21:00,22:00,1.0,F53,f,2
Di,3,OKT,2023,22:00,23:00,1.0,F25,f,1
Di,3,OKT,2023,22:00,23:00,1.0,F25,f,2
Mi,4,OKT,2023,15:30,16:30,1.0,F19,f,1
Mi,4,OKT,2023,17:00,18:00,1.0,F44,f,1
Mi,4,OKT,2023,17:00,18:00,1.0,F44,f,2
Do,5,OKT,2023,7:00,10:00,3.0,Putzfrau,f,1
Do,5,OKT,2023,7:00,10:00,3.0,Putzfrau,f,2
Do,5,OKT,2023,16:30,17:30,1.0,M41,m,1
Do,5,OKT,2023,19:00,20:00,1.0,M17,m,1
Do,5,OKT,2023,19:00,20:00,1.0,M17,m,2
Sa,7,OKT,2023,10:00,11:00,1.0,F52,f,1
So,8,OKT,2023,11:00,12:00,1.0,M7,m,1
So,8,OKT,2023,11:30,12:30,1.0,M7,m,2
So,8,OKT,2023,15:00,16:00,1.0,M7,m,2
So,8,OKT,2023,21:00,22:30,1.5,F30,f,1
So,8,OKT,2023,21:00,22:30,1.5,F30,f,2
Mo,9,OKT,2023,9:00,10:00,1.0,M42,m,1
Mo,9,OKT,2023,10:00,11:00,1.0,F12,f,2
Mo,9,OKT,2023,12:00,14:00,2.0,M3,m,1
Mo,9,OKT,2023,12:00,14:00,2.0,M3,m,2
Mo,9,OKT,2023,14:00,15:00,1.0,F23,f,1
Mo,9,OKT,2023,14:00,15:00,1.0,F23,f,2
Mo,9,OKT,2023,15:00,16:00,1.0,M1,m,2
Mo,9,OKT,2023,20:00,21:00,1.0,F47,f,1
Di,10,OKT,2023,12:00,13:00,1.0,M43,m,1
Di,10,OKT,2023,12:00,13:00,1.0,M43,m,2
Di,10,OKT,2023,17:00,18:30,1.5,F31,f,1
Di,10,OKT,2023,17:00,18:30,1.5,F31,f,2
Di,10,OKT,2023,21:00,22:30,1.5,F25,f,1
Di,10,OKT,2023,21:00,22:30,1.5,F25,f,2
Mi,11,OKT,2023,7:30,8:30,1.0,M2,m,1
Mi,11,OKT,2023,8:30,9:30,1.0,M36,m,1
Mi,11,OKT,2023,8:30,9:30,1.0,M36,m,2
Mi,11,OKT,2023,15:15,16:15,1.0,M28,m,1
Mi,11,OKT,2023,15:15,16:15,1.0,M28,m,2
Do,12,OKT,2023,7:00,10:00,3.0,Putzfrau,f,1
Do,12,OKT,2023,7:00,10:00,3.0,Putzfrau,f,2
Do,12,OKT,2023,11:00,12:00,1.0,F20,f,1
Do,12,OKT,2023,11:00,12:00,1.0,F20,f,2
Do,12,OKT,2023,12:00,13:00,1.0,M7,m,1
Do,12,OKT,2023,12:00,13:00,1.0,M7,m,2
Do,12,OKT,2023,21:00,22:00,1.0,M7,m,1
Fr,13,OKT,2023,13:45,14:45,1.0,F32,f,1
Fr,13,OKT,2023,19:45,20:45,1.0,M7,m,1
Fr,13,OKT,2023,21:00,22:00,1.0,F15,f,1
Fr,13,OKT,2023,21:00,22:00,1.0,F15,f,2
Sa,14,OKT,2023,9:00,11:00,2.0,M11,m,1
Sa,14,OKT,2023,9:00,10:00,1.0,F54,f,2
Sa,14,OKT,2023,10:00,11:00,1.0,M17,m,2
Sa,14,OKT,2023,11:30,12:30,1.0,M7,m,1
Sa,14,OKT,2023,11:30,12:30,1.0,M7,m,2
Sa,14,OKT,2023,12:30,13:30,1.0,U1,u,1
Sa,14,OKT,2023,13:45,14:45,1.0,F32,f,2
Sa,14,OKT,2023,15:45,16:45,1.0,M15,m,1
Sa,14,OKT,2023,15:45,16:45,1.0,M15,m,2
Sa,14,OKT,2023,20:00,21:00,1.0,M19,m,2
So,15,OKT,2023,13:00,14:00,1.0,M7,m,2
So,15,OKT,2023,14:30,15:30,1.0,M42,m,1
So,15,OKT,2023,14:30,15:30,1.0,M42,m,2
So,15,OKT,2023,16:30,17:30,1.0,F33,f,1
Mo,16,OKT,2023,10:30,11:30,1.0,M43,m,1
Mo,16,OKT,2023,13:00,14:00,1.0,F21,f,1
Mo,16,OKT,2023,15:00,16:00,1.0,F52,f,1
Mo,16,OKT,2023,15:00,16:00,1.0,F52,f,2
Mo,16,OKT,2023,17:00,18:00,1.0,F44,f,1
Mo,16,OKT,2023,17:00,18:00,1.0,F44,f,2
Mo,16,OKT,2023,18:00,19:00,1.0,F18,f,1
Mo,16,OKT,2023,18:00,19:00,1.0,F18,f,2
Di,17,OKT,2023,14:30,15:30,1.0,M1,m,2
Mi,18,OKT,2023,9:00,10:00,1.0,F46,f,1
Mi,18,OKT,2023,9:00,10:00,1.0,F46,f,2
Mi,18,OKT,2023,11:00,12:00,1.0,F1,f,1
Mi,18,OKT,2023,11:00,12:00,1.0,F1,f,2
Mi,18,OKT,2023,12:00,13:00,1.0,M19,m,2
Mi,18,OKT,2023,13:00,14:00,1.0,M33,m,1
Mi,18,OKT,2023,13:00,14:00,1.0,M33,m,2
Mi,18,OKT,2023,17:00,18:00,1.0,F23,f,1
Mi,18,OKT,2023,17:00,18:00,1.0,F23,f,2
Mi,18,OKT,2023,18:20,19:00,0.67,F53,f,1
Mi,18,OKT,2023,18:20,19:00,0.67,F53,f,2
Mi,18,OKT,2023,19:00,20:00,1.0,F55,f,1
Mi,18,OKT,2023,19:00,20:00,1.0,F55,f,2
Mi,18,OKT,2023,20:30,21:30,1.0,F47,f,1
Mi,18,OKT,2023,20:30,21:30,1.0,F47,f,2
Do,19,OKT,2023,7:00,10:00,3.0,Putzfrau,f,1
Do,19,OKT,2023,7:00,10:00,3.0,Putzfrau,f,2
Do,19,OKT,2023,14:20,15:20,1.0,M44,m,1
Do,19,OKT,2023,14:20,15:20,1.0,M44,m,2
Do,19,OKT,2023,15:20,16:05,0.75,M22,m,1
Do,19,OKT,2023,16:30,17:30,1.0,F12,f,1
Do,19,OKT,2023,17:30,18:30,1.0,F45,f,2
Fr,20,OKT,2023,9:00,10:00,1.0,M11,m,1
Fr,20,OKT,2023,9:00,10:00,1.0,M11,m,2
Fr,20,OKT,2023,12:15,13:15,1.0,M12,m,2
Fr,20,OKT,2023,12:30,13:30,1.0,F56,f,1
Fr,20,OKT,2023,13:30,14:30,1.0,F3,f,1
Fr,20,OKT,2023,13:30,14:30,1.0,F3,f,2
Fr,20,OKT,2023,15:00,16:00,1.0,M45,m,2
Fr,20,OKT,2023,18:00,19:00,1.0,F27,f,1
Sa,21,OKT,2023,10:00,11:00,1.0,M17,m,1
Sa,21,OKT,2023,11:30,12:30,1.0,F36,f,1
Sa,21,OKT,2023,11:30,12:30,1.0,F36,f,2
Sa,21,OKT,2023,12:30,13:30,1.0,F19,f,1
Sa,21,OKT,2023,16:00,17:00,1.0,F28,f,2
Sa,21,OKT,2023,18:00,19:00,1.0,F21,f,1
So,22,OKT,2023,12:30,13:30,1.0,F9,f,1
So,22,OKT,2023,12:30,13:30,1.0,F9,f,2
So,22,OKT,2023,15:30,16:30,1.0,M3,m,1
So,22,OKT,2023,15:30,16:30,1.0,M3,m,2
So,22,OKT,2023,18:00,19:00,1.0,M7,m,1
So,22,OKT,2023,19:30,20:30,1.0,M2,m,1
Mo,23,OKT,2023,12:00,13:00,1.0,M11,m,1
Mo,23,OKT,2023,12:00,13:00,1.0,F21,f,2
Mo,23,OKT,2023,17:00,18:00,1.0,F31,f,1
Mo,23,OKT,2023,17:00,18:00,1.0,F31,f,2
Mo,23,OKT,2023,18:30,19:30,1.0,F54,f,1
Mo,23,OKT,2023,18:30,19:30,1.0,F54,f,2
Mo,23,OKT,2023,19:30,20:30,1.0,F32,f,2
Mo,23,OKT,2023,21:00,22:00,1.0,F15,f,1
Mo,23,OKT,2023,21:00,22:00,1.0,F15,f,2
Di,24,OKT,2023,12:30,13:30,1.0,F52,f,1
Di,24,OKT,2023,16:30,18:30,2.0,F28,f,1
Di,24,OKT,2023,16:30,17:30,1.0,F47,f,2
Di,24,OKT,2023,17:30,18:30,1.0,M46,m,2
Di,24,OKT,2023,20:00,21:00,1.0,M5,m,1
Di,24,OKT,2023,20:00,21:00,1.0,M5,m,2
Do,26,OKT,2023,7:00,10:00,3.0,Putzfrau,f,1
Do,26,OKT,2023,7:00,10:00,3.0,Putzfrau,f,2
Do,26,OKT,2023,10:30,11:30,1.0,M11,m,1
Do,26,OKT,2023,10:30,11:30,1.0,M11,m,2
Do,26,OKT,2023,11:30,12:30,1.0,M1,m,1
Do,26,OKT,2023,17:00,18:00,1.0,M45,m,2
Do,26,OKT,2023,20:00,21:00,1.0,M7,m,1
Do,26,OKT,2023,20:00,21:00,1.0,M7,m,2
Do,26,OKT,2023,21:00,22:00,1.0,F48,f,1
Do,26,OKT,2023,21:00,22:00,1.0,F48,f,2
Fr,27,OKT,2023,8:00,9:00,1.0,F21,f,1
Fr,27,OKT,2023,14:30,15:30,1.0,F45,f,1
Fr,27,OKT,2023,14:30,15:30,1.0,F45,f,2
Fr,27,OKT,2023,16:00,17:00,1.0,M43,m,1
Fr,27,OKT,2023,16:00,17:00,1.0,M43,m,2
Fr,27,OKT,2023,18:00,19:00,1.0,F12,f,2
Sa,28,OKT,2023,10:00,11:00,1.0,M28,m,2
Sa,28,OKT,2023,10:30,11:30,1.0,M18,m,1
Sa,28,OKT,2023,14:00,15:00,1.0,F38,f,1
Sa,28,OKT,2023,14:00,15:00,1.0,F38,f,2
So,29,OKT,2023,9:00,11:00,2.0,F33,f,1
So,29,OKT,2023,11:15,12:15,1.0,F25,f,1
So,29,OKT,2023,11:15,12:15,1.0,F25,f,2
So,29,OKT,2023,13:00,14:30,1.5,M7,m,1
So,29,OKT,2023,14:30,16:00,1.5,F57,f,1
So,29,OKT,2023,14:30,16:00,1.5,F57,f,2
So,29,OKT,2023,17:15,18:15,1.0,F44,f,1
So,29,OKT,2023,18:15,19:00,0.75,M16,m,1
So,29,OKT,2023,19:45,20:45,1.0,M7,m,1
So,29,OKT,2023,20:00,21:00,1.0,M41,m,2
Mo,30,OKT,2023,12:30,13:30,1.0,M47,m,1
Mo,30,OKT,2023,12:30,13:30,1.0,M47,m,2
Mo,30,OKT,2023,14:00,15:00,1.0,U3,u,1
Mo,30,OKT,2023,15:00,16:00,1.0,M33,m,1
Mo,30,OKT,2023,15:00,16:00,1.0,M33,m,2
Mo,30,OKT,2023,16:30,17:30,1.0,M17,m,2
Di,31,OKT,2023,8:00,10:00,2.0,M42,m,1
Di,31,OKT,2023,8:00,10:00,2.0,M42,m,2
Di,31,OKT,2023,13:45,14:45,1.0,M7,m,1
Di,31,OKT,2023,14:00,15:00,1.0,M16,m,2
Di,31,OKT,2023,15:15,16:15,1.0,M3,m,1
Di,31,OKT,2023,15:15,16:15,1.0,M3,m,2
Di,31,OKT,2023,16:30,17:30,1.0,F45,f,1
Di,31,OKT,2023,16:30,17:30,1.0,F45,f,2
Di,31,OKT,2023,18:00,20:00,2.0,F31,f,1
Di,31,OKT,2023,18:00,20:00,2.0,F31,f,2
Di,31,OKT,2023,20:00,21:00,1.0,M14,m,1
Di,31,OKT,2023,20:00,21:00,1.0,M14,m,2
Mi,1,NOV,2023,8:00,9:00,1.0,M18,m,1
Mi,1,NOV,2023,10:00,11:00,1.0,M17,m,1
Mi,1,NOV,2023,12:30,13:30,1.0,F18,f,1
Mi,1,NOV,2023,12:30,13:30,1.0,F18,f,2
Mi,1,NOV,2023,14:00,15:00,1.0,M44,m,1
Mi,1,NOV,2023,14:00,15:00,1.0,M44,m,2
Mi,1,NOV,2023,15:30,16:30,1.0,F40,f,1
Do,2,NOV,2023,7:00,10:00,3.0,Putzfrau,f,1
Do,2,NOV,2023,7:00,10:00,3.0,Putzfrau,f,2
Do,2,NOV,2023,13:00,14:00,1.0,U2,u,2
Do,2,NOV,2023,14:50,15:50,1.0,F53,f,1
Do,2,NOV,2023,14:50,15:50,1.0,F53,f,2
Do,2,NOV,2023,16:15,17:00,0.75,F41,f,1
Do,2,NOV,2023,16:15,17:00,0.75,F41,f,2
Do,2,NOV,2023,17:00,18:00,1.0,F23,f,1
Do,2,NOV,2023,17:00,18:00,1.0,F23,f,2
Fr,3,NOV,2023,7:30,8:30,1.0,M2,m,1
Fr,3,NOV,2023,7:30,8:30,1.0,M2,m,2
Fr,3,NOV,2023,12:00,13:00,1.0,F52,f,1
Fr,3,NOV,2023,12:00,13:00,1.0,F52,f,2
Fr,3,NOV,2023,14:00,15:00,1.0,M7,m,1
Fr,3,NOV,2023,16:00,17:00,1.0,F46,f,1
Fr,3,NOV,2023,16:00,17:00,1.0,F46,f,2
Fr,3,NOV,2023,18:45,19:45,1.0,F58,f,2
Fr,3,NOV,2023,20:30,21:30,1.0,F47,f,1
Fr,3,NOV,2023,20:30,21:30,1.0,F47,f,2
Sa,4,NOV,2023,9:00,10:00,1.0,F26,f,2
Sa,4,NOV,2023,12:00,13:00,1.0,F32,f,2
Sa,4,NOV,2023,14:30,15:30,1.0,M7,m,1
Sa,4,NOV,2023,14:30,15:30,1.0,M7,m,2
Sa,4,NOV,2023,15:30,16:30,1.0,M1,m,2
Sa,4,NOV,2023,15:45,16:45,1.0,M7,m,1
Sa,4,NOV,2023,17:30,18:30,1.0,M15,m,1
Sa,4,NOV,2023,17:30,18:30,1.0,M15,m,2
So,5,NOV,2023,12:00,13:00,1.0,F12,f,2
So,5,NOV,2023,13:00,14:00,1.0,F36,f,1
So,5,NOV,2023,13:00,14:00,1.0,F36,f,2
So,5,NOV,2023,15:00,16:00,1.0,M43,m,1
So,5,NOV,2023,15:00,16:00,1.0,M43,m,2
So,5,NOV,2023,16:30,17:30,1.0,M48,m,2
So,5,NOV,2023,17:00,18:00,1.0,F19,f,1
So,5,NOV,2023,17:30,18:30,1.0,F19,f,2
Mo,6,NOV,2023,10:00,11:00,1.0,F3,f,1
Mo,6,NOV,2023,10:00,11:00,1.0,F3,f,2
Mo,6,NOV,2023,15:30,16:30,1.0,M33,m,1
Mo,6,NOV,2023,15:30,16:30,1.0,M33,m,2
Mo,6,NOV,2023,17:00,18:00,1.0,F40,f,1
Mo,6,NOV,2023,17:00,18:00,1.0,M7,m,2
Di,7,NOV,2023,13:00,15:00,2.0,F53,f,1
Di,7,NOV,2023,13:00,15:00,2.0,F53,f,2
Di,7,NOV,2023,15:00,16:00,1.0,F20,f,1
Di,7,NOV,2023,15:00,16:00,1.0,F20,f,2
Di,7,NOV,2023,16:00,17:00,1.0,F23,f,1
Di,7,NOV,2023,16:00,17:00,1.0,F23,f,2
Di,7,NOV,2023,17:00,18:00,1.0,M14,m,1
Mi,8,NOV,2023,14:00,16:00,2.0,M39,m,1
Mi,8,NOV,2023,14:00,16:00,2.0,M39,m,2
Mi,8,NOV,2023,17:00,18:00,1.0,F18,f,1
Mi,8,NOV,2023,17:00,18:00,1.0,M12,m,2
Mi,8,NOV,2023,18:45,19:45,1.0,M19,m,2
Mi,8,NOV,2023,20:00,21:00,1.0,M7,m,1
Do,9,NOV,2023,7:00,10:00,3.0,Putzfrau,f,1
Do,9,NOV,2023,7:00,10:00,3.0,Putzfrau,f,2
Do,9,NOV,2023,10:30,12:00,1.5,M11,m,1
Do,9,NOV,2023,10:30,12:00,1.5,M11,m,2
Do,9,NOV,2023,16:30,17:30,1.0,M44,m,1
Do,9,NOV,2023,16:30,17:30,1.0,M44,m,2
Fr,10,NOV,2023,11:00,12:00,1.0,M17,m,1
Fr,10,NOV,2023,11:00,12:00,1.0,M17,m,2
Fr,10,NOV,2023,12:30,13:30,1.0,M5,m,1
Fr,10,NOV,2023,12:30,13:30,1.0,M5,m,2
Fr,10,NOV,2023,18:00,19:00,1.0,F44,f,1
Fr,10,NOV,2023,18:00,19:00,1.0,F44,f,2
Fr,10,NOV,2023,19:00,21:00,2.0,F31,f,1
Fr,10,NOV,2023,20:00,21:00,1.0,M16,m,2
Fr,10,NOV,2023,21:00,23:00,2.0,M36,m,1
Fr,10,NOV,2023,21:00,23:00,2.0,M36,m,2
Sa,11,NOV,2023,11:30,12:30,1.0,M2,m,1
Sa,11,NOV,2023,13:00,14:00,1.0,M28,m,1
Sa,11,NOV,2023,13:00,14:00,1.0,M28,m,2
Sa,11,NOV,2023,15:00,16:00,1.0,F15,f,1
Sa,11,NOV,2023,15:00,16:00,1.0,F15,f,2
Sa,11,NOV,2023,16:30,17:30,1.0,M11,m,1
Sa,11,NOV,2023,16:30,17:30,1.0,F32,f,2
Mo,13,NOV,2023,9:00,10:00,1.0,F46,f,2
Mo,13,NOV,2023,12:00,14:30,2.5,F59,f,2
Mo,13,NOV,2023,15:15,16:15,1.0,F54,f,2
Mo,13,NOV,2023,17:15,18:15,1.0,M16,m,1
Mo,13,NOV,2023,17:15,18:15,1.0,F45,f,2
Mo,13,NOV,2023,18:15,19:00,0.75,F25,f,1
Mo,13,NOV,2023,18:15,19:00,0.75,F25,f,2
Mo,13,NOV,2023,19:00,20:00,1.0,F27,f,1
Mo,13,NOV,2023,19:00,20:00,1.0,F27,f,2
Di,14,NOV,2023,14:45,15:45,1.0,F21,f,1
Di,14,NOV,2023,15:00,16:00,1.0,M1,m,2
Di,14,NOV,2023,16:00,17:00,1.0,F48,f,1
Di,14,NOV,2023,16:00,17:00,1.0,F48,f,2
Di,14,NOV,2023,17:00,18:00,1.0,F52,f,1
Di,14,NOV,2023,17:00,18:00,1.0,F52,f,2
Di,14,NOV,2023,18:30,19:30,1.0,M42,m,1
Di,14,NOV,2023,18:30,19:30,1.0,M42,m,2
Di,14,NOV,2023,19:30,20:30,1.0,F45,f,1
Di,14,NOV,2023,20:00,21:00,1.0,M7,m,2
Di,14,NOV,2023,21:00,22:00,1.0,F47,f,1
Di,14,NOV,2023,21:00,22:00,1.0,F47,f,2
Di,14,NOV,2023,22:00,23:00,1.0,M38,m,2
Mi,15,NOV,2023,12:00,13:00,1.0,F33,f,1
Mi,15,NOV,2023,12:15,13:15,1.0,F26,f,2
Mi,15,NOV,2023,15:15,17:15,2.0,M3,m,1
Mi,15,NOV,2023,15:15,16:15,1.0,M3,m,2
Mi,15,NOV,2023,17:15,18:15,1.0,F25,f,1
Mi,15,NOV,2023,17:15,18:15,1.0,F25,f,2
Mi,15,NOV,2023,18:30,19:30,1.0,F12,f,2
Mi,15,NOV,2023,19:30,20:30,1.0,F12,f,1
Mi,15,NOV,2023,19:30,20:30,1.0,M38,m,2
Mi,15,NOV,2023,20:30,21:30,1.0,F44,f,1
Do,16,NOV,2023,7:00,10:00,3.0,Putzfrau,f,1
Do,16,NOV,2023,7:00,10:00,3.0,Putzfrau,f,2
Do,16,NOV,2023,13:00,14:00,1.0,M45,m,1
Do,16,NOV,2023,16:00,17:00,1.0,F32,f,1
Do,16,NOV,2023,16:00,17:00,1.0,F32,f,2
Do,16,NOV,2023,17:00,18:00,1.0,M11,m,1
Do,16,NOV,2023,17:00,18:00,1.0,M11,m,2
Do,16,NOV,2023,18:00,19:00,1.0,F28,f,1
Do,16,NOV,2023,19:00,20:00,1.0,M7,m,2
Do,16,NOV,2023,23:00,0:00,1.0,M7,m,1
Do,16,NOV,2023,23:00,0:00,1.0,M7,m,2
Fr,17,NOV,2023,16:00,17:00,1.0,M33,m,1
Fr,17,NOV,2023,16:00,17:00,1.0,M33,m,2
Fr,17,NOV,2023,22:30,23:30,1.0,F53,f,1
Fr,17,NOV,2023,22:30,23:30,1.0,F53,f,2
Sa,18,NOV,2023,8:15,9:15,1.0,F14,f,1
Sa,18,NOV,2023,8:15,9:15,1.0,F14,f,2
Sa,18,NOV,2023,10:15,11:15,1.0,F1,f,1
Sa,18,NOV,2023,10:15,11:15,1.0,F1,f,2
Sa,18,NOV,2023,13:00,14:00,1.0,F21,f,1
Sa,18,NOV,2023,16:30,17:30,1.0,M11,m,1
Sa,18,NOV,2023,16:30,17:30,1.0,M11,m,2
Sa,18,NOV,2023,17:30,18:30,1.0,F32,f,2
So,19,NOV,2023,11:00,12:00,1.0,M7,m,2
So,19,NOV,2023,12:00,13:00,1.0,M49,m,1
So,19,NOV,2023,12:00,13:00,1.0,M49,m,2
So,19,NOV,2023,13:30,14:30,1.0,F54,f,1
So,19,NOV,2023,16:30,17:30,1.0,M43,m,1
So,19,NOV,2023,16:30,17:30,1.0,M43,m,2
So,19,NOV,2023,17:30,18:30,1.0,F28,f,1
Mo,20,NOV,2023,12:15,13:15,1.0,F20,f,1
Mo,20,NOV,2023,12:15,13:15,1.0,F20,f,2
Mo,20,NOV,2023,16:15,17:15,1.0,F55,f,1
Mo,20,NOV,2023,16:15,17:15,1.0,F55,f,2
Mo,20,NOV,2023,19:00,20:00,1.0,F9,f,1
Mo,20,NOV,2023,19:00,20:00,1.0,F9,f,2
Mo,20,NOV,2023,21:00,22:30,1.5,F15,f,1
Di,21,NOV,2023,10:00,11:00,1.0,F12,f,2
Di,21,NOV,2023,12:00,13:00,1.0,M15,m,1
Di,21,NOV,2023,12:00,13:00,1.0,M15,m,2
Di,21,NOV,2023,15:00,16:00,1.0,F23,f,1
Di,21,NOV,2023,15:00,16:00,1.0,F23,f,2
Di,21,NOV,2023,17:45,18:45,1.0,M44,m,1
Di,21,NOV,2023,17:45,18:45,1.0,M44,m,2
Di,21,NOV,2023,20:30,21:30,1.0,M49,m,2
Mi,22,NOV,2023,8:30,9:30,1.0,F52,f,1
Mi,22,NOV,2023,10:00,11:00,1.0,M2,m,1
Mi,22,NOV,2023,10:00,11:00,1.0,M2,m,2
Mi,22,NOV,2023,12:30,13:30,1.0,M18,m,1
Mi,22,NOV,2023,13:15,14:15,1.0,F56,f,2
Mi,22,NOV,2023,16:00,17:00,1.0,M17,m,1
Mi,22,NOV,2023,16:00,17:00,1.0,M17,m,2
Mi,22,NOV,2023,17:00,18:00,1.0,F19,f,1
Mi,22,NOV,2023,18:30,20:30,2.0,M7,m,2
Mi,22,NOV,2023,19:00,20:00,1.0,F45,f,1
Mi,22,NOV,2023,21:00,22:00,1.0,M33,m,1
Mi,22,NOV,2023,21:00,22:00,1.0,M33,m,2
Do,23,NOV,2023,7:00,10:00,3.0,Putzfrau,f,1
Do,23,NOV,2023,7:00,10:00,3.0,Putzfrau,f,2
Do,23,NOV,2023,16:00,17:00,1.0,M1,m,2
Do,23,NOV,2023,17:00,18:00,1.0,F47,f,1
Do,23,NOV,2023,19:30,20:30,1.0,F14,f,1
Do,23,NOV,2023,19:30,20:30,1.0,F14,f,2
Fr,24,NOV,2023,10:30,11:30,1.0,M11,m,1
Fr,24,NOV,2023,10:30,11:30,1.0,M11,m,2
Fr,24,NOV,2023,15:00,16:30,1.5,F18,f,1
Fr,24,NOV,2023,15:00,16:30,1.5,F18,f,2
Fr,24,NOV,2023,17:00,18:00,1.0,F21,f,1
Sa,25,NOV,2023,19:30,20:30,1.0,F27,f,1
Sa,25,NOV,2023,19:30,20:30,1.0,F45,f,2
So,26,NOV,2023,10:00,11:00,1.0,F27,f,1
So,26,NOV,2023,10:00,11:00,1.0,F27,f,2
So,26,NOV,2023,11:00,12:00,1.0,F40,f,1
So,26,NOV,2023,11:00,12:00,1.0,F40,f,2
So,26,NOV,2023,14:00,15:00,1.0,F33,f,1
So,26,NOV,2023,16:00,17:00,1.0,F54,f,1
So,26,NOV,2023,16:00,17:00,1.0,F54,f,2
So,26,NOV,2023,17:00,18:00,1.0,M45,m,1
So,26,NOV,2023,18:00,19:00,1.0,F46,f,1
So,26,NOV,2023,18:00,19:00,1.0,F46,f,2
Mo,27,NOV,2023,10:00,11:00,1.0,M7,m,2
Mo,27,NOV,2023,14:30,15:30,1.0,F52,f,1
Mo,27,NOV,2023,14:30,15:30,1.0,F52,f,2
Mo,27,NOV,2023,15:30,16:30,1.0,M17,m,1
Mo,27,NOV,2023,17:00,18:00,1.0,M19,m,2
Mo,27,NOV,2023,18:00,19:00,1.0,M5,m,1
Mo,27,NOV,2023,18:00,19:00,1.0,M5,m,2
Mo,27,NOV,2023,21:00,22:00,1.0,F15,f,1
Mo,27,NOV,2023,21:00,22:00,1.0,F15,f,2
Di,28,NOV,2023,16:00,17:00,1.0,F23,f,1
Di,28,NOV,2023,16:00,17:00,1.0,F23,f,2
Di,28,NOV,2023,18:00,19:00,1.0,F12,f,2
Di,28,NOV,2023,19:00,21:00,2.0,M3,m,1
Di,28,NOV,2023,19:00,21:0,2.0,M3,m,2
Di,28,NOV,2023,21:00,22:00,1.0,F38,f,1
Mi,29,NOV,2023,10:30,11:30,1.0,F31,f,1
Mi,29,NOV,2023,14:40,15:40,1.0,M12,m,2
Mi,29,NOV,2023,15:40,16:30,0.83,M28,m,1
Mi,29,NOV,2023,15:40,16:30,0.83,M28,m,2
Mi,29,NOV,2023,16:30,17:30,1.0,M42,m,1
Mi,29,NOV,2023,16:30,17:30,1.0,M42,m,2
Mi,29,NOV,2023,19:30,20:30,1.0,M10,m,1
Mi,29,NOV,2023,19:30,20:30,1.0,M10,m,2
Mi,29,NOV,2023,20:30,21:30,1.0,F44,f,1
Mi,29,NOV,2023,20:30,21:30,1.0,F44,f,2
Do,30,NOV,2023,7:00,10:00,3.0,Putzfrau,f,1
Do,30,NOV,2023,7:00,10:00,3.0,Putzfrau,f,2
Do,30,NOV,2023,10:00,11:00,1.0,F31,f,1
Do,30,NOV,2023,17:30,19:30,2.0,M16,m,1
Do,30,NOV,2023,17:30,19:30,2.0,M16,m,2
Do,30,NOV,2023,20:00,21:00,1.0,M33,m,1
Do,30,NOV,2023,20:00,21:00,1.0,M33,m,2
Do,30,NOV,2023,21:00,22:00,1.0,F54,f,2
Fr,1,DEZ,2023,10:00,11:00,1.0,F22,f,2
Fr,1,DEZ,2023,11:00,12:00,1.0,F3,f,1
Fr,1,DEZ,2023,11:00,12:00,1.0,F3,f,2
Fr,1,DEZ,2023,15:00,16:00,1.0,F38,f,1
Fr,1,DEZ,2023,16:30,17:30,1.0,F53,f,1
Fr,1,DEZ,2023,16:30,17:30,1.0,F53,f,2
Fr,1,DEZ,2023,18:00,19:00,1.0,F20,f,1
Fr,1,DEZ,2023,18:00,19:00,1.0,F20,f,2
Fr,1,DEZ,2023,19:30,20:30,1.0,M43,m,1
Fr,1,DEZ,2023,19:30,20:30,1.0,M43,m,2
Fr,1,DEZ,2023,20:30,21:30,1.0,F45,f,1
Fr,1,DEZ,2023,20:30,21:30,1.0,F45,f,2
Sa,2,DEZ,2023,10:00,11:00,1.0,F30,f,1
Sa,2,DEZ,2023,10:00,11:00,1.0,F30,f,2
Sa,2,DEZ,2023,17:30,19:50,2.33,F31,f,1
Sa,2,DEZ,2023,19:30,20:30,1.0,F45,f,2
So,3,DEZ,2023,15:45,16:45,1.0,F48,f,1
So,3,DEZ,2023,15:45,16:45,1.0,F48,f,2
So,3,DEZ,2023,17:00,18:00,1.0,M7,m,2
So,3,DEZ,2023,19:00,20:00,1.0,M11,m,1
So,3,DEZ,2023,19:00,20:00,1.0,M11,m,2
Mo,4,DEZ,2023,10:30,11:30,1.0,M36,m,1
Mo,4,DEZ,2023,10:30,11:30,1.0,M36,m,2
Mo,4,DEZ,2023,11:30,12:30,1.0,M7,m,2
Mo,4,DEZ,2023,15:00,16:00,1.0,M1,m,2
Mo,4,DEZ,2023,17:20,18:20,1.0,M44,m,1
Mo,4,DEZ,2023,17:20,18:20,1.0,M44,m,2
